brand,price
a-case,11044.39
a-derma,223.69
a-elita,138.21
a-mega,1825.71
a-toys,61.78
aardwolf,1071.29
abaybooks,10.24
abc,282.85
abhika,38.12
abris,14.44
absolutechampion,625.54
abtoys,1329.18
acana,48.9
acase,176.63
accesstyle,6791.36
acd,32.65
acer,31996239.2
aces,86.49
achilles,1046.34
acm,1080.88
acme,67172.38
acoola,53.54
acorp,228.34
acqua,51.730000000000004
acron,107.93
action,334.66999999999996
actiontrack,97.68
activision,15098.01
acuvue,4606.26
acv,6432.24
adagio,176506.66
adal,14.23
adam,1830.16
adamas,36995.55
adamex,172796.56
adata,65982.94
addlink,28.29
adel,256.52
adelline,117.48
adenandanais,59.44
adidas,294663.59
adil,104125.85
adile,3124.37
adili,1988.95
adking,329.47
admira,4554.95
adriatica,37525.98
aeg,21221.89
aeolus,851.76
aero,96131.34
aerocool,282771.64
aeroforce,1153.64
aerolajf,154.44
aerosystem,4736.13
afnan,8497.86
afox,5593.62
ag,2272.83
agatharuizdelaprada,600.1899999999999
age,334.6
agent,928.75
agness,9471.62
agnetha,11807.04
agu,5977.38
agv,11722.4
aidini,127.42
aiebao,32.18
aiken,600.56
aiko,34479.56
aileron,336.15999999999997
aimile,12356.66
aimoto,99630.9
air-cool,633.56
airjordan,11127.24
airline,4297.900000000001
airmax,13.91
airrower,5644.44
airwheel,7558.71
aist,34495.56
ajris-press,1.05
akai,31589.74
akel,329.22
akg,28007.78
akkord,1193.04
akku,5.07
akom,77752.57
akpo,28851.68
akro,72.85
aksion,672.6600000000001
akva,3421.03
akvafor,19092.91
akvaton,1966.31
al-ko,1036.1399999999999
alaia,226.25
alantex,3.62
alaskaoriginale,21.88
alavann,214.07
alba,25.48
albertocasiano,7322.17
alborz,3398.9
alca,1707.98
alcasta,1505.3
alcon,3039.7999999999997
alctron,5540.45
alecord,1731.28
alerana,597.66
alesis,130403.86
alessandrobosso,8022.09
alexandre.j,312.54
alexika,447.99
alfa,99.25
alfreddunhill,1298.62
algotherm,1859.13
alienware,797.44
alilo,5668.8
alinapaint,66.42
alinex,9.55
alis,162991.1
alkor,350482.12
alligator,1664.36
allvega,787.01
almacom,760711.08
almada,12331.37
almatv,6209.12
alphaline,1054.8600000000001
alphard,104713.64
alpicool,3338.16
alpika,907.9
alpina,16028.04
alpinapabliser,111.47
alpine,339074.8
alser,60261.1
altacto,430.8
altair,43265.340000000004
alteco,479107.86
altel,22640.0
alterna,1675.2099999999998
altex,84.51
alumet,565.78
alvarez,471.05999999999995
alveus,375.66
alvitek,7593.83
alvo,74086.49
am-pm,87.9
am.pm,1489.29
amalbooks,836.5600000000001
amarobaby,82.38
amatis,4873.89
amazfit,459982.07
amazon,45612.71
ambition,136.74
amd,400466.61
amefa,1783.07
amega,108.11
amen,2147.04
americanmotionfitness,649.9
amico,5.41
amistar,1003.9
amos,118.92
amouage,13605.789999999999
amra,1.72
ams,231943.56
amsterdam,103.95
anahickmann,432.95000000000005
anatomico,910.3100000000001
andeks,11779.23
andrea,1248.56
andrewfuchs,417.0
anemone,12277.22
anesi,84.66
anex,187408.74
angel,45.81
angelteam,32.56
annaanna,3241.19
annaite,152.37
annalafarg,1642.29
annchery,6597.32
annovireverberi,234.74
anon,2586.48
anreks,1381.49
anskin,17.37
ansmann,1097.61
ant,4311.62
anta,17016.13
antec,5081.25
antel,446.65
antika,2065.28
antoniolavazza,417.0
anytek,37770.67
aoc,148063.85
aoki,293.39
aolais,368.06
aopen,1318.96
aorus,16705.47
aoteli,493.52
apacer,121584.24
apache,35229.78
apart,149.45
apex,1756.1100000000001
apollo,10890.11
apple,929280006.42
applegate,411.08
appollo,7111.48
apriori,5944.33
aps,140.95000000000002
aqua,42145.33
aquael,843.51
aquafresh,1.41
aquafruit,1.54
aqualife,98.29
aquamarine,8321.96
aquanet,4456.610000000001
aquapick,10894.9
aquarodos,1936.96
aquatic,77.85
aquaverso,236.56
aquilon,338.01
aqwella,360.37
ara,2572.9700000000003
arai,2787.74
araton,1086.46
arb,3412.62
arcancil,5.15
arcancilparis,19.4
arco,3030.86
arcodoro,6454.36
ardahali,8979.19
ardell,47.17
ardesto,1058.28
arena,466.96
arg,3080299.24
aria,40137.79
ariel,865.62
ariete,5643.91
ariston,1481698.91
ark,213.16
arkade,87.52
arktika,2003.7
arlem,118.45
armaf,177.88
armandbasi,92.03999999999999
armani,229888.79
armateh,33.98
arms,571.45
arnica,432293.04
arno,594.13
arsi,1487.32
arstisa,514.7
art-visage,529.06
artberry,13.68
artel,8073022.93
artengo,158.56
arteolfatto,604.9100000000001
artesia,18074.899999999998
artglass,5242.91
arthali,260.5
artmoon,17.24
artmusical,114358.26
artplays,192.8
arturia,550.6700000000001
artway,2198.2
arua,6307.53
aruna,61.52
ascot,4394.9400000000005
asel,576399.37
asics,24015.92
asil,196.86
askona,36376.729999999996
asm,300753.31
aspekt,19.31
asrock,219358.12
assorti,13.9
ast,759.47
astana,29.92
aston,788.63
astrel,3.92
asus,16439689.7
atamra,14.629999999999999
atelier,1224.81
aten,41.77
ateox,2549.05
atlant,1568555.84
atlantic,220393.32
atmor,799.9399999999999
atmosphera,112.71000000000001
atoll,172107.2
atomic,7329.48
atrai,2373.21
ats,840.69
attar,148.98
attribute,4069.8
audac,401.5
audi,374.53
audio-technica,44536.08
audison,10732.779999999999
aukia,5405.46
aula,433.64
auldey,34.81
aura,2187.96
auratic,10.3
aurora,177656.49
ausini,2336.54
author,70618.0
autojet,360.35999999999996
autoline,162228.96
autolite,36.8
autopower,604.9200000000001
autoprofi,5708.75
autotime,23.560000000000002
autovirazh,2326.77
ava,18909.31
avalon,177471.54
avanta,23.759999999999998
avatar,27991.55
avel,2523.82
avene,4062.38
avengers,211.82
avermedia,306.07
avina,215.04000000000002
avionaut,102.45
avis,2476.75
avizor,388.16
avrora,270.3
avs,3533.69
avtolider,647.0999999999999
avtotent,211.08
awei,9350.11
axe,2.23
axis,413924.04
axiver,61.78
axper,5796.62
azbuka,116.39
azbukvarik,71.19
azzaro,5722.62
b.a.shop,138.99
b.well,3531.63
babalo,10898.32
babe,18.28
babolat,11267.63
baboo,2263.16
babor,14351.75
babyborn,699.6700000000001
babybotte,477.22
babycare,833.4000000000001
babygo,2739.99
babyhit,446.93
babykiss,6489.320000000001
babyline,78.51
babyliss,21426.78
babylisspro,3836.86
babylock,41208.56
babymoov,3104.34
babyok,68.73
babyono,714.23
babys,7944.429999999999
babysinq,136.43
babyswing,37420.53
babytime,45813.73
babyzen,217431.59
babyzz,7728.349999999999
baden,290167.22
badlandgames,11677.710000000001
bafang,22424.89
baige,8185.56
bair,6962.71
bakugan,1182.42
baldessarini,1385.2
ballarini,3358.32
ballist-x,15.42
ballistix,552.58
ballu,78865.3
balmain,4070.1
balta,17807.46
baltekstil,33007.659999999996
bambi,1078.14
bambini,17909.24
bambola,27009.329999999998
bamboo,178.12
banbao,242.5
bandai,336.68
bandainamcoentertainment,567.54
baobaohao,77.22
baraka,15.44
baratto,9468.09
barbie,5144.63
barcelona,260.25
barer,292.94
barmila,39.05
barneo,39130.03
barokko,656.66
baroque,3694.8999999999996
bars,121394.31
bartek,21664.39
barty,8543.05
basaran,2573.04
baseus,253.41
basharan,2599.81
basic,15815.69
basik,718.79
bata,772.1999999999999
batik,22.259999999999998
battat,14.43
battipav,10994.29
baudet,789.27
bauer,35293.88
baum,290.34
bavaria,35.4
baw,1921.49
bax,2096.2799999999997
bayer,781.6800000000001
bayerdolls,388.26
bayerlux,82.32
bbh,5601.14
bbk,20171.62
bbsky,7.7
bburago,1719.73
beaba,3004.13
beats,88760.74
beautyblender,284.16
beautycreations,1092.23
beautyfurs,9058.16
beautyvisage,1.16
beeline,76719.94
befirst,34.74
behramhali,172.2
behringer,42776.56
beijing,1169.05
beisier,1190.5
bekker,293.44
beko,5344832.0600000005
bekzatsport,5512.4400000000005
bel,8.03
bela,693.88
belaakalitva,42.980000000000004
belashoff,10009.86
belcando,803.01
belcat,347.5
belecoo,493763.2
belis,76.03
belissimo,52.61
belka,406.69000000000005
belkin,40.839999999999996
belkosmex,3.08
bella,11660.51
bellamebel,39554.32
belordesign,46.89
belux,1042.6299999999999
belyjveter,1370.44
bene,21760.82
benebaby,5425.99
benq,12189.11
bentley,7086.63
berber,19.05
berghoff,34421.46
bergner,7981.13
berkut,12746.68
berlinger,2781.57
berlingerhaus,56476.89
bernina,490978.73
berossi,11.58
bertoni,34849.89
beru,6.18
besafe,1604.96
bessey,221.58
best,617.01
bestbalance,431.15
bestia,48.9
bestlife,133.33
bestoy,140109.31
bestway,12135.69
besty,1054.33
bethesda,983.97
betsy,42.19
beuchat,1387.42
beurer,4452.57
beyblade,310.83
beyerdynamic,36987.37
beyonce,141.78
beyond,4456.12
bfgoodrich,257.15
bfsnowboards,3498.64
bfz,39.03
bhawk,15902.22
bielita,57.9
biema,2411.8999999999996
biemmedue,171.18
big,2.96
bildo,451.90999999999997
billi,85.96000000000001
binatone,153.26
bio,1.02
bio-oil,37.7
bio-tekstil,57.46
bioderma,5897.21
biofinity,100.39999999999999
bioinhaler,50.85
biol,308.07
biolage,14.8
biolane,677.83
biomecanics,9344.09
biomed,1.39
bionime,1063.97
biostar,2013.01
biotech,4520.78
biotherm,780.01
biovea,380.45
biovise,10.81
bioworld,55.769999999999996
birusa,98159.74
bisou,170.33
bissell,22768.31
biwec,5632.42
blackberry,12232.73
blackbox,10651.119999999999
blackdecker,1038.13
blackmores,505.37
blackstonelabs,60.62
blackvue,19508.73
blam,10140.31
blanco,5041.14
blanx,41.05
blaster,408.97
blauberg,68.12
blaumann,1496.3899999999999
blaupunkt,76057.55
blend-a-med,0.55
blenderbottle,68.93
bloomsbury,163.99
bluedio,715.2
blueidea,1063.31
blueseven,295.01
bluesonic,986.35
blumarine,682.18
blw,23.57
bmw,36689.18
boarteks,224.41000000000003
boccia,93071.34
bochetti,8257.12
body-solid,341.32
bodyboom,4.87
bodykraft,831.21
bodysculpture,40677.08
bohemia,9328.6
bohemian,180.7
bohmann,74.06
boley,4.38
bombbar,1426.03
bomberg,95269.0
bombora,425.09
bompani,570.1800000000001
bon,79.88
bona,418.85
bond,1173.8400000000001
bondibon,63.14
bonduelle,14.68
boneco,436.3
bonita,536.16
bonne,1051.76
bontrager,30.12
bonvini,7258.87
booil,9433.99
boomtrix,39.74
borasco,1241.96
bork,222730.36
borovici,2146.68
bosch,8966858.66
bose,92035.97
bosh,638.6
bosher,27063.47
bosnic,116.68
boss,1940.51
botanica,2.06
botas,19816.27
boteng,25.74
boucheron,575.95
bouncin,82.38
bourjois,1507.43
bourtsos,1518.7
bovidix,185.43
boyscout,2736.81
bozhi,63.3
bq,495723.49
bra,42.99
brabix,1749.54
bradex,7143.05
brahner,918.95
brain,37.67
brateck,14600.55
braun,1513728.86
bravat,7067.24
bravis,120.64
bravo,948.28
bref,1.81
brennenstuhl,46.36
bresser,3196.48
brevi,213.65
bridgestone,665.66
brisk,3.35
brita,113.01
britaxroemer,249.66
britaxromer,442.71
brizoll,78.78999999999999
brkpress,76.03999999999999
bro,963.1999999999999
brocoli,314.04
broomer,42392.41
brother,296249.82
bruder,8143.01
brumer,6764.04
bruynzeel,29.83
brw,931675.3200000001
bsn,18497.99
bts,521258.43
btwin,22451.19
bubchen,6.92
budibasa,102.77
buebchen,23.990000000000002
bueno,47.89
buffalo,1028.08
bugaboo,76368.28
bugati,250.97
bugatti,19444.57
buggy,63279.689999999995
built-inoven,2573.51
bulgari,51709.12
bulget,490.1
bulin,579.17
bumbaram,33.26
bumbleride,17628.16
burberry,7754.360000000001
burc,138.48
burgerschuhe,27991.29
burokrat,82.64
burton,200537.52
bushnell,308.84
butterfly,572.76
buttonblue,15.68
bvlgari,7092.21
bwell,1683.46
bwt,122.87
bxg,76.57
byintek,6829.950000000001
bykilian,1402.8700000000001
byotea,215.45
byredo,30432.38
cablexpert,71.3
cacharel,5534.78
cadelvetro,1063.03
cadillac,64.0
cafemimi,183.56
cailyn,754.9399999999999
caiman,2220.4
calgon,8.629999999999999
calipso,26.78
calligrata,504.68
calorie,5203.65
calve,3348.84
calvinklein,1699.93
calypso,1444.29
cam,4159.6
camay,10.27
camelion,28.54
cameo,256.62
cameron,7679.86
camptown,3189.06
camshel,2261.31
can-am,13828.6
candide,319.94
candino,3294.8
candy,725872.35
candylocks,25.17
cannondale,79916.03
canon,2558733.19
cantra,60152.04
canwood,612.59
canyon,133412.06
capcom,4939.81
capella,875.2
capline,200.97
caprice,13687.7
car-baby,206.0
carahardwood,1542.3899999999999
caramelia,1415.47
caravanmusic,12792.78
caraya,4543.2300000000005
carbon,10881.61
carcam,881.41
cardrox,299.98
carfashion,159931.65
carhome,3262.08
carlsbad,3901.26
carmex,40.2
carpet,47.0
carpisa,1065.38
cars,154.73000000000002
carters,2768.29
cartier,12523.210000000001
carver,113405.06
carwel,300.14
casada,524004.94
casamorati,1415.71
casela,143.32
casio,2359097.05
castorland,671.29
cat,3.35
cata,2052.98
catimini,1001.0600000000001
catlitter,156.86
catrice,28.439999999999998
catsan,210.86
catunltd,17029.71
cavaletto,7790.45
cavanova,1011.84
cayee,49.31
cayin,616.76
ccm,78053.94
cd,272.82
celestron,8637.78
celine,1151.6399999999999
cellio,97.18
cellucor,107.19999999999999
cempioneria,21.88
cenmax,37976.51
centara,35.26
centek,224284.99
centrpoligraf,24.77
centrpravilnogosna,6992.74
centurion,58097.4
cerruti,223.94
cersanit,43488.78
certina,83712.74
cettua,96.93
cezaris,141.81
chairman,19111.69
chameleon,3992.69
champion,3479.1
chanel,387989.35
changerobot,139.76
changhong,236377.1
chaod,17843.28
chappi,1702.77
char-broil,6582.0
chariots,222.45000000000002
chayka,244897.38999999998
checkin,280.06
chef,27.2
chemipro,83.66
chenri,10.76
chic,2425.68
chicco,256844.54
chieftec,6373.3
chigo,26828.309999999998
childhome,462.05
chilok,239.4
chilokbo,162.18
chloe,18082.96
chocair,0.54
chopard,5165.53
christina,2063.89
chub,849.42
chuggington,16.759999999999998
ciaobimbi,154.44
cif,7.33
cikoo,7.46
cilia,149.29
cillit,9.42
cime,12682.98
cinemood,24215.64
circle,612.63
citilux,50.45
citizen,12639.63
cityrover,5309.2300000000005
cityup,8312.59
clanfrancoferre,25.66
clarion,1042.29
clariss,641.78
clatronic,10940.01
claudebernard,5291.78
clevan,288.3
clever,140.23000000000002
cliff,1132.6
clinch,277.98
clinique,9846.53
clippasafe,185.25
clomapharma,174.4
clover,237.84
cmi,732.11
cmt,966.02
cnd,3291.19
coach,304.1
coballe,81679.28
cobat,796.06
cober,55.86
cobi,1054.66
cobra,2232.22
coca-cola,14.870000000000001
coccinelle,7281.89
cocochoco,182.76
colab,79.66
coleman,4913.57
colgate,937.23
collagen,51.260000000000005
collecta,39.39
collection,47.62
collins,13.9
collistar,6522.42
colombo,1409.06
colorfix,200.93
colorful,21476.5
colorkids,440.03
colourpop,1629.3899999999999
columbia,40737.12
comet,6.68
comfee,7221.59
comforser,3092.0299999999997
comfort,118.27
comfortzone,7.08
comma,18.990000000000002
compliment,342.64
complimenti,13.25
concept,631.58
conceptclub,25188.17
condor,38.61
condtrol,7837.349999999999
confetti,1073.38
constantdelight,48.79
conte,17.25
conteelegant,27.29
continent,24064.15
continental,1057.68
converse,1451.14
coolbaby,1081.08
coolermaster,742.1899999999999
coolfort,5562.71
coolmaker,82.86
coolmaster,145.59
coopervision,1051.99
cordial,3964.0399999999995
cordiant,3159.34
corpus,109.96000000000001
corsair,15264.35
corsocomo,861.54
cort,67803.71
cortland,66298.68
cosottinni,7653.820000000001
cosrx,75.16
costadinafur,4427.4
coty,4229.8
cougar,75009.0
covani,21142.56
cover,112941.48
cowon,472.47
cpl,2059.26
craft,349.04999999999995
crea,96.21
creed,448146.04
creo,961.78
creoceramique,319.87
crescina,567.32
crest,23.66
crockid,1250.73
crome,43.76
crona,7828.72
crosby,3219.75
crown,327480.06
crucial,37093.98
crunch,501.94000000000005
crusader,203.35
crybabies,1733.77
crystal,97.78999999999999
csmedica,157.05
cube,209698.9
cubicfun,1985.76
cullmann,840.66
cvgaudio,177.0
cybex,222728.25
d-clinic,1308.8899999999999
d-link,13096.86
dab,268.02
dadget,261.78000000000003
daesung,230.4
daewoo,52610.33
daewooelectronics,13427.880000000001
dagee,191.96
dageni,32.18
dahon,25439.59
dahua,2079.39
dainese,12241.1
daisy,15191.12
daiwa,6033.76
daiwerina,77.19999999999999
dakar,20.18
dalbello,2259.51
dam,6585.25
damper,321.33
danau,1530.82
daneildesch,20458.29
danielklein,10324.59
danke,24052.920000000002
dara,0.9
darina,47673.340000000004
darina-rus,385.84
darling,93.75999999999999
dasch,197.84
dauscher,3022488.33
davidoff,1923.4499999999998
davinci,2522.7999999999997
davita,65.9
daye,15.4
dbpower,2372.54
dcshoes,4543.76
dda,2154.88
dds,46521.95
ddstyle,66.8
dearest,4102.5199999999995
decathlon,207230.93
decocode,81.99000000000001
decola,246.93
decoroom,25503.78
deepcool,73904.27
deeper,37427.77
defacto,222566.21
defalucy,114.56
defender,103150.87
deko,1347.6000000000001
dekok,20.57
delimano,5158.41
delkor,4252.42
dell,1258996.86
delmax,159.71
delonghi,1593138.41
delsey,7913.29
delta,375971.87
delux,18212.02
deluxe,20294.0
demi,2205.0299999999997
demidovskijzavod,101.92
demiray,2650.75
demix,10269.25
dendy,5212.57
denn,230339.01
denon,3126.8
denso,858.85
denzel,198481.87
deoproce,77.49
depileve,479.4
depo,1197.31
deppa,4856.4
derevaski,5.78
dermacol,3641.87
derspur,331.78
desatoekorolevstvo,291.31
desigual,146.29
destra,24487.5
deta,19528.22
detomaso,151.87
deuter,158.74
deutz,274.65
devia,133.8
deviser,19225.97
devos,619.85
dewalt,557482.0
dexp,93063.78
dexx,11.38
dfz,7.2
dgm,396.36
dhz,1273.42
diamant,178284.11
diamond,4336.42
diamondunion,40508.95
dickie,369.2
did,73.88
didistyle,11570.13
diesel,58461.04
digma,11117.59
dikhan,0.74
dila,39.26
dilis,2447.39
dinamical,1484.43
dinastia,1473448.26
dinner,1643.28
dion,4123.43
dior,255338.12
diptyque,1003.86
dirkje,1011.59
disney,13503.15
dispho,2047.89
distar,39.38
dita,505.96
ditreex,166.32
diva,1078.86
divalux,165313.15
divan.kz,9318.13
dizel,384.79999999999995
dji,1129100.28
dk,13834.83
dkny,34995.13
dlaudio,2869.1
dls,1594.62
dobrusskijfarforovyjzavod,884.71
doctors,5.41
dodo,33.06
dohany,636.32
dolcegabbana,1214.97
dolcevita,1021.89
doliva,1501.88
domani-spa,4482.75
domasnijocag,636.42
domcraft,327.27
domestos,12.45
dometic,20776.02
domini,140234.46
domyos,56940.83
donfeel,2545.22
dongma,3329.04
donic,342.86
donnavanna,558.17
doogee,84734.43
doohan,5453.150000000001
doona,3988.29
dopdrops,18.02
dormeo,2150.92
doubleeagle,882.52
doublefish,23.43
dougez,61.5
doui,344.9
dove,15.54
dowontec,6589.6
dox,616.84
dr.alex,7.95
dr.hoffman,1364.71
dr.jart,25.46
dragon-i,206.51
dragonfly,2349.5099999999998
dragons,14.67
dreammachines,23066.18
dreamwave,298.29
dremel,17880.34
drfrei,11.870000000000001
drgans,299.11
drjart,4025.65
drsea,13.9
drugoeizdatelstvo,43.84
dsk,398.98
dsland,45995.52
dsp,15414.23
dsppa,237.84
dsquared,3670.15
dub,9.96
ducray,1992.27
duir,21.69
dune,2015.9899999999998
dunhill,1361.22
dunlop,3019.61
dunu,233.98000000000002
dunya,448.21
dvirtex,195.62
dwt,76736.67
dxracer,243971.8
dyflon,176.18
dymatize,3032.36
dynacord,8880.53
dynafit,102.96
dynamic,1354.7
dynastar,1517.6599999999999
dyson,676909.75
e-blue,10200.14
e-twow,6144.7
ea,38238.57
eagle,436.12
eago,158.31
easycamp,50.45
easywalker,30483.39
eco,28592.74
ecobalance,12.87
ecocool,60651.88
ecolab,300.88
ecolatier,23.03
ecolight,122.7
ecosoft,47833.46
ecoterm,158.91
ecotex,1713.86
ecs,70.01
edcon,380.27
edelman,83.17
eden,1041.72
edge,121809.06
edifier,7157.5599999999995
edon,31223.39
edox,42058.5
edu-play,788.48
educa,116.01
edufun,85798.53
efba,2734.75
efremov,787108.5
egger,46.47
eglo,4221.48
egmont,6.78
egreat,1228.5
ehome,32.370000000000005
einhell,31721.87
ekel,86.36
ekskluziv,1698.89
eksmo,2152.72
elamina,40.17
elan,31490.67
elanda,4059.26
elari,384767.88
elaud,12.62
elbasco,105.29
elco,527.26
electro-voice,51606.44
electrolux,1043102.87
electronicarts,26728.34
electronicsdeluxe,12245.24
elegant,129.87
elegante,276.70000000000005
elektrostandard,148.77
element,498714.16
elena,985.9
elenberg,985052.24
elf,59.86
elica,10586.32
eliesaab,111.5
elikor,41962.52
elite,223.74
elitech,480.26
elizavecca,2685.82
elna,57131.35
elp,50.13
elpaza,63.46
elskin,2.02
eltempo,20429.739999999998
eltex,67.44
eltreco,11257.97
elvin,507.86
elysium,778.3100000000001
emar,102.45
embryolisse,5419.22
emer,2172.5
emil,2273.12
emily,4661.1900000000005
emoji,36.04
empire,80.85
ems,169.88
emsa,3675.64
enchantimals,97.76
endever,253.90000000000003
energizer,5923.85
energolux,1211.19
energy,40.66
energybody,6216.31
energysistem,501.37
enermax,3243.98
engenius,442.67999999999995
enkor,608.86
enlightenbrick,2.91
enough,2599.38
envision,436.70000000000005
eos,64.35
epiphone,4401.63
epoch,77.44
epr,2471.12
epson,2128766.68
era,3338.21
erbis,889.91
erdenet,3557.84
ergo,269159.9
ergobaby,32.18
ergolux,133.67
erichkrause,505.71
erik,173.96
erismann,580.28
erisson,1153.28
erkaplan,12702.68
erlit,26709.829999999998
ermila,349.97
ersport,188980.05
esab,809.1
escada,5868.94
escan,113424.89
escentricmolecules,24.45
esi,369.23
esmeralda,7130.219999999999
espiro,441.83
essager,30.53
esse,710.85
essence,443.61
esspero,218.0
estap,992.4399999999999
estel,97.72
esthetichouse,251.82
estomoda,1492.98
estrade,204.45
esun,587.65
etalon,785.74
etaltech,901.46
eternalrose,12973.31
etor,83127.77
etro,928.98
eurogold,100.10000000000001
eurolight,69.85
eurolux,142432.35
europrint,1696.3899999999999
europusk,226.5
eurosvet,505.29999999999995
eurotrading,270.27
eva,1440.16
evamosaic,16.88
eveline,16.45
evelinecosmetics,50.42
evenflo,38079.63
everest,166.28
everflo,239.66000000000003
everlast,6278.84
evga,18966.63
evgo,759.7
evh,955.49
eviza,61.78
evrika,3703.74
evrodetal,4580.82
ewa,29.6
ewt,273.51
exclusive,199.76
exide,14926.75
exnihilo,324.36
exost,127.42
expromt,118.00999999999999
ezetil,15298.5
ezviz,1076.73
fa,3.96
faans,62.72
faber,170.84
fabretti,5695.54
fabrikamir,7424.06
fagor,383.97
falmec,2790.1099999999997
family,4303.469999999999
fancier,180.13
fancy,6513.9800000000005
fant-mebel,1131.56
fanta,4.25
fantasia,18521.28
fantom,1206.17
fanzon,15.8
farcar,3807.06
farinni,3677.0
farmavita,951.71
farmstay,2443.2
faro,40.0
faroro,77.22
farroad,541.61
fashy,14.67
fassen,52022.45
favorite,4193.79
favory,31592.920000000002
favourite,140.03
fcp,138.0
fea,896.91
febest,1164.06
federal,64.35
feedback,38.04
felisatti,378.8
felix,2.79
femi,2290.92
fender,225004.53
fendi,412.33000000000004
fengnix,7191.860000000001
feniks,90.46000000000001
fenix,647.87
feron,93.64999999999999
ferrari,8755.84
ferre,1081.2
ferrino,3412.54
festina,1402.37
festool,41807.909999999996
ficopro,1516.2
fiesta,1092.09
fiio,7636.62
fila,92583.94
filodoro,21.55
fini,4823.48
finish,112.88
finland,56.370000000000005
fireball,466.72999999999996
firepower,330.25
firestone,308.13
firman,18212.21
first,3684.91
fischer,15320.93
fisher,90508.81
fisher-price,4965.58
fisherman,1705.27
fisherprice,71.36
fissler,278.16
fissman,13561.6
fit,457.94
fit-rx,1879.07
fitaqua,9601.28
fitbit,1981.76
fitchbaby,331.97999999999996
fitlux,82360.18
fitnessbody,27.78
fitrider,49503.619999999995
fitstudio,206.67
fitwell,25457.91
fixsen,17.94
fizan,186.88
flama,11551.11
flambeau,1245.49
flashpoint,273.36
flavia,15830.630000000001
fleet,27.03
flex,49.91
flexter,2371.7
fli,7078.5
flight,51887.54
floralis,3.6
florentina,5071.16
floresan,314.57
flormar,423.59
fly,42802.2
flybotic,290.32
flystep,46.08
fnixbebe,122.02
focal,12461.6
focusrite,35101.94
fokos,18119.41
foodmaster,1.21
force,2203.14
forclaz,523.04
ford,132.51
foreo,566.31
forlux,5634.13
fornelli,37095.44
forsage,3925.42
fortnite,344.63
forward,136827.69
forza,3842.21
fossil,96691.8
fostex,1016.3399999999999
fotomate,1127.93
fotorama,451.73
foxconn,172.85
fractaldesign,311.22
fragonard,1054.0900000000001
framesi,983.55
francescodonni,9149.55
franckolivier,21.08
franke,9056.98
fred,5754.6
freedom,46.1
freelook,2295.52
fresh,1039.2
freya,168.14999999999998
friskies,103.88000000000001
frozen,213.68
fsd,215.2
fubag,114093.69
fujida,7808.89
fujifilm,114166.81
furreal,265.68
futura,45.95
g-case,5.64
g-cube,209.48
g.skill,12947.449999999999
ga-de,3582.59
gabolparadise,1062.06
gabor,1688.84
gad,180.39
gaga,649.83
gaint,2572.5
gainward,20309.98
gaissina,392.0
galacticos,122.6
galanz,26137.26
galaxy,103670.33
gamdias,6458.17
gamemax,41440.37
gamerstorm,3400.68
gamma,31635.49
garanterm,30900.91
gardena,7416.16
garmin,1677733.96
garnier,429.98
garrett,312662.72
garvalin,19212.9
gauss,126.73
gazpromneft,172.64
gedore,548.53
gefest,299931.2
gehwol,397.13
geil,54033.43
geitaran,1518.9699999999998
gejzer,283.92
gelflex,240.4
gelsomino,3594.17
gembird,2169.79
gemei,1613.53
genau,222633.48
genebre,3147.34
genesis,43168.36
geneticlab,118.4
geneticlabnutrition,193.07999999999998
genius,16077.18
genki,1355.1799999999998
genlog,459.9
gentrycup,4.12
gerat,17261.75
gerber,928.11
gerbor,4652.4
gerdamix,965.01
geroivmaskah,13.67
gesso,479.73
gewa,19115.23
gezatone,15548.93
gf,79854.7
ghnfitness,4762.0
ghost,24.84
giant,838020.07
gigabyte,1000291.58
gigawatt,47995.9
gigazone,46.08
gigwi,48.9
gimi,4325.93
gionee,12175.16
giorgioarmani,15629.39
giornonotte,18970.92
giotto,13.64
gipfel,10542.48
gislaved,114.03
givenchy,91122.82
gkhair,4930.98
gladen,407.99
glamglow,2308.41
glamvers,8209.44
glasman,98235.72
glimmies,13.0
glissade,166.37
glo,159788.82
global,208.96
globalkeratin,252.24
globaltoys,58.06
globber,26011.89
globex,345.47
globus,7.630000000000001
glory,66.9
gmini,9.120000000000001
go-sport,424.71000000000004
goalzero,289.88
gofit,176.07
goform,579.2
goldenconcept,16481.14
goldenrose,10.3
golf,46.11
goliath,283.28
gomel,4.94
gomeldrev,2445.37
gonher,1006.74
goo.n,1645.1000000000001
goodgrill,45.82
goodloot,1977.12
goodram,2860.22
goodride,1053.08
goodyear,3702.5499999999997
google,238149.22
goojitzu,952.0
goon,1644.26
gopro,624697.06
gorenje,607519.8
gorizont,13475.939999999999
gosh,5850.89
gotway,5446.33
gourmet,25.54
gpo,2475.68
gracecole,788.52
graco,4518.31
graf,5146.62
graff,106.18
graffiti,13636.85
graffitisound,695.0
gran-stone,20411.96
granat,4244.18
grandeco,221.37
grandm,386.11
grandmanar,5627.16
grandstil,17.1
granfest,809.64
granhel,60500.05
granicom,1035.56
grape,3553.23
graphite,1021.9200000000001
grass,76.26
grattant,22.6
grattol,100.39
graude,535.15
gravas,37452.75
gree,244794.74
greenbank,16.73
greenbike,19118.44
greenhill,113.6
greenland,104.22
greenpan,649.74
greenpro,423.01
greentek,1018.7199999999999
greentree,643.4000000000001
greentrees,206.74
greenway,42943.31
greenwood,23.17
greenworks,89.84
greta,3717.03
gretsch,2078.58
greyder,142023.3
greys,66.15
grillver,5590.06
grinda,608.04
grizzly,626.55
grohe,36822.24
gross,2777.66
grossman,258.80999999999995
grow-with-me,13934.94
grownup,231.66
grozz,10207.33
grundfos,4895.13
gs,1049.6
gskill,6445.4
gt,32556.29
gtec,5.14
guangwei,657.1800000000001
guardo,2072.16
gucci,86204.1
guerisson,814.51
guerlain,33715.92
guess,119.95
guliver,36.69
gulliver,2514.28
gungho,2789.57
guzzini,337.45
habilead,56.11
hada,5678.849999999999
hadarrosen,891.35
haday,16322.9
haeger,97.29
hagen,659.32
haier,7286389.84
hairdorables,1080.45
haley,61.769999999999996
halmar,5441.11
hama,481.37
hamilton,3387.4700000000003
hammer,391.21
handwers,77.05000000000001
hangover,1922.2
hankook,22444.76
hanma,2759.44
hanowa,16152.24
hansa,1437234.54
hap-p-kid,77.5
happybaby,3256.16
happyfamily,894.75
happykidtoy,18.3
hardax,11.91
harley-davidson,21694.12
harleybaby,1069.68
harmankardon,848.67
haro,141166.76
harper,370869.08
harpercollins,50.36
hartan,3603.64
hasbro,58429.28
hatchimals,800.41
hauck,3405.5
haushalt,210.49
hausmann,2507.77
havit,3850.9
hayabusa,113.26
hayali,1567.58
hb,25126.78
head,47482.97
headrush,2828.7799999999997
healbe,1625.26
hebeigrindingwheelfactory,8.8
hec,136.07
heco,300.74
heinz,13.48
helios,2093.96
hellion,108.12
helstons,1404.93
helvetia,942.06
henglei,707.2900000000001
hercules,110.18
herlitz,123.74
herman,860.81
hermes,9592.24
hermle,3951.21
hertz,64703.45
heyner,5861.68
hgl,3.08
hgst,266.03
hi-q,172.34
hibertek,11.620000000000001
hifiman,87.2
hifly,2314.83
higashi,7491.3
hikvision,596.19
hilberd,141.72
himalaya,8.66
himalayaherbals,2.83
hintek,224.73000000000002
hiper,2287.73
hipp,33.620000000000005
his,507.86
hisense,182100.13
hitachi,129296.17
hitechnic,2317.17
hjc,2921.5099999999998
hktyre,296.02
hlebsol,64.44
hobbi,1.52
hobbyworld,807.02
hobot,19023.96
hoco,36972.0
hohner,3149.9
hola,198.17
holatoys,26.13
holder,4865.8099999999995
holicy,54977.219999999994
holiday,1022.6000000000001
holikaholika,4.5
hollicy,1002.51
homage,11664.34
homeart,430.4
homeelement,153.65
homestar,24.55
homy,1010.21
honda,864.67
honhongvictorygroupltd,138.48
honor,1260338.86
hoover,30212.89
hope,7964.42
hori,965.3
horizont,257671.16
hotmom,10754.73
hotpoint-ariston,261967.18
hottek,9269.81
hotwheels,1157.11
housefit,292542.94
household,658.98
houseofseasons,2790.45
hp,14204780.05
hpe,13161.4
hq,563.36
htc,65820.58
hti,52.11
htw,48225.97
huanger,9218.55
huawei,42180519.42
hubeiindustrialaimiletrading,437.59999999999997
hubert,18763.93
hubsan,1313.72
hubster,3468.78
hudsonbaby,24.43
huggies,63917.97
hugoboss,627.8100000000001
huile,1902.6399999999999
huion,137785.71
humana,1051.16
humidifier,50.96
hunter,7366.17
huntkey,34744.02
huntsman,304.98
hurom,6836.32
husky,1587.07
husqvarna,13645.949999999999
huter,1650680.18
hycell,20.7
hygge,4957.66
hyper,1533.73
hyperx,246508.05
hyundai,232786.77
i-baby,15704.97
ibaby,38.59
ibanez,8624.64
ibili,73.06
ibox,198623.82
icepeak,918.18
icer,393.99
iconbit,23.82
icutes,14064.42
id-cooling,7417.92
iddis,7546.7699999999995
ideal,61.6
idealspaten,11.61
idillia,299.99
igraemvmeste,4.61
iiyama,28784.87
ikea,70427.65
ikki,1145.95
ikkm,15560.220000000001
ilife,13071.43
illumico,819.59
imax,386.09999999999997
imctoys,1048.01
imetec,2283.57
imex,169.97
imou,6054.27
imperial,525752.78
imperiameha,52397.9
impex,539.79
imprelly,215.95000000000002
imx,39208.77
incanto,274578.33
incar,11029.21
inci,235.53000000000003
indesit,8431271.66
indiana,811.8800000000001
indigo,21729.5
individuumpablising,11.89
industria,35.91
inebrya,946.83
infantino,7493.18
infinity,28299.98
infinitynado,230.69
inflame,51.48
ingersoll,229.09
inglesina,9753.08
inhouse,8216.89
initioparfumsprives,32.18
inkax,4336.9
inmotion,12802.94
innisfree,51.61
innovation,181.56
inoi,71861.11
inostranka,79.30999999999999
insight,884.15
insinse,130.26000000000002
inspector,23412.6
instyle,15.84
intego,30097.329999999998
intel,408027.85
inter,5643.36
internedoors,5904.66
interojo,20.6
interskol,2156.56
intex,167760.37
intro,528.04
invicta,4549.41
invisible,8.75
iope,98.84
ipipoo,65.64
iplay,68.22
ipower,81.68
iqos,644980.45
irbis,51487.950000000004
irest,2780.27
irisk,758.17
irit,114.16
iriver,312.07000000000005
irobot,149404.42
irontrue,51.5
ismart,695.0
isntree,1310.19
istarikomiks,9.86
italtrike,136.42
itlv,7.37
iunik,18.53
ivolia,32995.340000000004
ivt,3893.69
ivy,5.41
iwalk,3278.98
izdenpublishinghouse,147.56
jabra,10086.48
jack,339955.01
jackson,5962.93
jacobs,26.11
jacqueslemans,4660.72
jade,844609.0700000001
jaguar,393022.68
jailinuo,746.48
jana,307.87
janome,3366967.84
japanparts,250.72
jarko,65.56
jasic,46023.11
jasmine,350.58
jawbone,554.08
jazwares,273.65
jb,345.37
jbl,1437894.54
jeep,7219.73
jessnail,123.55000000000001
jet,51328.42
jetair,13062.49
jetem,546.47
jetpik,14890.35
jeunepremier,25.03
jhiningmoment,5019.42
jianuo,965.1199999999999
jiaxingharleybabycar,3659.55
jigott,67.61
jika,461.79999999999995
jimcarrey,1897.42
jimmychoo,636.39
jincostech,8.23
jinga,20313.02
jinjianfeng,4134.21
jinkairui,2779.07
jinyuan,4780.08
jjrc,43.5
jkexer,42608.45
joby,586.27
jocelyn,22.62
jockey,609.94
joe,199.23
joerex,8658.81
johnrichardo,4016.24
joie,378706.37
joieanglia,745.96
joker,4096.36
joma,1658.72
jomalone,278.01
joonies,1818.3899999999999
jordan,28108.510000000002
josephjoseph,838.49
jovi,4.05
joyor,81738.55
joyroad,787.55
joyroom,1302.22
jrc,33.46
juki,6207.32
julbo,66.67
julong,6483.83
jumper,1853.33
junama,5336.0599999999995
junior,6855.43
junte,177.61
jura,22638.96
juventa,183.9
jvc,289145.74
k-lite,15.4
k-psport,115.32
kaabo,14076.57
kabrita,8139.88
kaceli,15.84
kacper,634.0
kaemingk,1143.82
kaemingkbv,1127.96
kafekrasoty,8.49
kaier,11493.21
kaierda,519.1
kaimana,426.76
kainar,20855.95
kaiser,43333.56
kakadu,12.25
kala,51.22
kale,1052.5
kalenji,2182.22
kaleos,280.9
kamado,900.92
kambrook,390.1
kamisafe,15.19
kampfer,188.6
kamskaaposuda,72.69999999999999
kandf,289.69
kangkang,64.35
kanzler,1872.29
kapika,6778.25
kapous,1129.3799999999999
kapousprofessional,244.81
kappa,1842.65
kapsen,395.46999999999997
karaja,315.04
karapuz,97.42
karat,19220.72
karavaevskaauf,1199.52
karcher,2860319.07
kari,322.22
karmababy,205.92
karmen,940.76
karna,1472.14
kartal,81916.2
karya,124425.57
kastamonu,763.8499999999999
kasuga,56.22
kativa,463.55
katun,230.0
kawai,76959.23
kawasaki,7021.76
kayser,873.91
kazheritage,9.01
keddo,331.66999999999996
keeeper,651.99
keenetic,18749.35
keenway,180.31
kef,4823.72
kehan,254.82
kelli,8307.76
kelly,1018.81
ken,71.12
keneksi,263.5
kenko,156.5
kenwood,437551.88
kenzo,28946.98
keramikarucnojraboty,67.14
kerastase,2888.58
kerasys,647.41
keremet,362.94
kessler,4744.0
keter,183.34
kettler,21190.19
keumkang,177.60000000000002
keune,1858.55
kgb,594.5799999999999
khancomics,17.16
kicker,509.67
kicx,192246.77
kiddieart,4303.42
kiddy,179.77
kidi,2556.1
kidkraft,1544.4299999999998
kidstar,128.7
kiepe,124.77
kilemkhan,60131.64
kilemkhanmoonrise,128.7
kilemkhanotto,219.24
kinbox,695.0
kinder,11.28
king,7325.67
kingleen,16.47
kingmax,460.59
kingmeda,11.71
kingslong,471.03999999999996
kingsong,808.52
kingston,535253.78
kingtony,6169.3
kingtul,274.92
kink,10027.6
kinklight,30.900000000000002
kinlee,450.44999999999993
kipardo,5273.23
kipocket,350.27
kipor,1113.81
kipsta,1903.13
kirkland,25168.75
kisswill,62.82
kitchenaid,108852.95
kitekat,21.78
kitfort,751445.32
kitkat,1.26
kiturami,1198.62
kivi,2439615.38
kk,10457.92
kladez,65.25999999999999
kleancolor,185.5
klepach.pro,9.02
klever,10.93
klima,206237.16
klorane,168.71
klymit,83.4
kmk,3155.4500000000003
kmz,334.65
knauf,9.78
kocostar,12.74
kodak,1591.88
kodi,22.78
koelf,410.84000000000003
koffer,615.2
kohala,208.5
koito,192.13
kolag,683.76
kolibri,11804.59
kolner,14722.08
kolo,1845.8
kolpasan,455.43
komc,642.69
komfort-s,24324.82
komilfo,76.44999999999999
kona,4128.02
kong,5.23
konlega,3778.53
konoos,111.08000000000001
konov,3636.57
koopman,1647.8799999999999
kora,15.44
korg,30269.72
korin,2527.66
kormoran,764.38
korting,1611.24
koss,2209.34
kotik,872.37
kovea,1600.72
kovens,2267.5
kovroff,511.32
kpt,6134.39
kraftool,383.74
kramer,82.8
kranzle,6086.8
krasnaapresna,47.62
krause,19559.760000000002
kreslocomfort,7243.36
kress,42.03
kristal,111766.88
krk,31062.97
kromax,297.22
krona,2964.23
kronasteel,16449.02
kronospan,1706.29
kronostar,371.38
kronwerk,2948.76
kroskaa,102.96000000000001
krosno,19.36
krups,16826.08
kubanfarfor,87.58
kuchenprofi,236.76
kugoo,362961.98
kuhar,249.0
kukmara,56071.979999999996
kumano,4.12
kumfo,5384.54
kumho,581.52
kumtel,161.11
kunlun,2110.02
kuppersberg,10909.42
kuppersbusch,1408.02
kurzweil,324520.32
kuttenkeuler,73.93
kvant,3281.9399999999996
kx,2453.53
kyocera,3186.84
la-di-da,122.99000000000001
labo,43.5
lacoste,54355.47
lada,11.32
ladida,1994.19
ladin,17.46
lador,57.1
lahn,293.52
lakme,254.96
lalaku,10.3
lalaloopsy,27.85
lalique,6889.08
lamart,5151.86
lamborghini,579.09
lamelprofessional,4.3
lanard,116.86
lancaster,29.22
lancome,84494.01
landor,30.21
landsail,93.18
laneige,76.44999999999999
lange,203.09
lanikai,574.01
lanvin,198553.93
lapocka,1.67
lara,6671.88
lari,85.44
laro,569.88
laroche-posay,31.409999999999997
larsen,15778.93
lart,2676.7799999999997
laston,19887.89
latinpercussion,869.7900000000001
laudio,12286.16
laufen,4105.0
laurastar,207701.85
lauravalarosa,59.72
lauravalorosa,977.4
lavazza,697.03
lavr,46.24
lbl,39.9
lcf,824.0799999999999
leadbros,193338.78
leader,44990.72
leaderkids,1576.68
leander,3941.14
leatherman,29667.52
ledi,164364.8
leeco,1152.91
leecooper,459.48
leefitness,13727.04
leem,4953.05
lefard,1030.19
legeartis,600.79
lego,203966.88
legre,34875.659999999996
leica,3654.03
leicos,4.76
leicos-leiya,8.24
leiya,8.24
lel,695.01
lelabo,1029.62
lem,71.69999999999999
lemark,31519.91
lembu,361.39
lenor,2.68
lenovo,22197924.55
lenta,19.56
leo,4398.0
leonardo,742.25
leone,463.32
leset,64.35
lesozavod,571.59
lessar,347.5
levante,174.51
leven,250.83999999999997
levenhuk,15815.38
levrana,553.41
lewinner,66.0
lexmark,1752.8600000000001
lexustrike,450.34999999999997
lezard,206.17
lg,37888863.62
libero,768.94
liberty,592.04
libtech,977.64
lider,743145.21
lidonet,14104.27
liebherr,9819.02
lifedeco,988.32
lifespan,411.83
light,3673.4500000000003
likatoprofessional,210.76999999999998
likebook,13.48
lilipups,116.38
lilwoodzeez,26.9
liman,1210.01
lina,468.52
line,2087.05
lingua,89.32
lipsmacker,7.52
lira,51.17
lirene,102.58
listvig,6041.15
lite-on,1607.18
liv,32382.44
livdelano,22.52
livebook,63.96
livio,3989.79
llarri,1031.94
llocker,55.6
llorens,51918.15
loca,43.76
loctek,261.02
logitech,191684.09
logona,12.48
logosfera,41.6
lol,7739.98
lolsurprise,11608.94
lombok,11.78
londa,571.16
lonex,2105.58
longines,627172.72
longstyle,10528.45
longway,29949.059999999998
lord,241.16
loreal,310.06
lorealparis,18.58
lorelli,265955.51
lorelli-bertoni,22042.54
lorellibolgaria,4331.64
lori,189.01999999999998
lorus,4343.68
lotos,3107.7799999999997
louiserard,3315.4
lovular,3327.82
ltd,414.32
lubereckiekovry,153.54
lubimyjdom,2492.14
lucalighting,1761.17
lucente,21570454.0
lucentesilver,798.23
luckyjohn,6.44
lukas,16668.06
lumene,2565.74
luminarc,227493.01
lumion,33.46
lumme,1525.03
lunecase,672.5
luris,738.04
lusio,79.46
lusso,9.01
lutian,48978.27
lux,33013.25
lux-tools,91.49000000000001
luxell,23611.34
luxor,2187.96
luxuryconcept,345.96
luxvisage,823.26
lyly,90.09
lysva,200.93
m-audio,81322.51
m-city,584.3199999999999
m-pets,384.28
m.micallef,3391.2999999999997
maak,1100.97
maccoffee,1.66
machaon,9196.34
machete,12803.58
maclaren,6645.150000000001
maclay,939.88
mad,193.04999999999998
madamecoco,1056.11
madguy,114.53999999999999
madina,2800.72
maestro,2961.5299999999997
magaudio,255.3
magellan,1635.41
magformers,315.29
magiazolota,5705.2300000000005
magic,167.33
magicbeartoys,505.86
magicstones,16019.529999999999
magictrack,115.17
magistro,54.0
magma,6111.72
magneticbike,11411.01
magneticus,904.35
magnetspel,38.64
magnetta,503307.93
magnitoj,31.62
magnus,273.88
maidou,38.59
maison,229.15
maisonfranciskurkdjian,8969.53
maisto,365.19
maja,58.17
makarena,5.59
make-upatelier,1166.33
makeblock,1871.77
makers,615.47
makerstreet,24.4
makita,508683.74
malamalama,44.510000000000005
maltex,208.85
malva,2.96
malys,28.64
mamadoma,6702.8099999999995
mamako,171.67000000000002
mamalove,1362.99
maman,861.07
mammut,4181.16
mamut,53.28
manacas,7978.84
mancera,29379.68
manfrotto,13849.75
manhattan,675.9399999999999
manke,6777.3
mann-filter,112.86
mantra,3519.16
manuoki,1876.23
manzari,17375.78
maomaoku,77479.97
maono,2354.6
mapex,6652.02
marantz,610.87
marathon,1979.19
marcella,10757.5
marching,360.4
marcomen,11374.37
marcotozzi,1229.4
marcotozzipremio,61.52
maribel,77811.78
marimex,306.28999999999996
mario,7414.36
markbass,8603.83
marko,5851.92
markwins,125.1
marley,2791.28
mars,18139.62
marshall,203705.49
mart,67553.26
marta,61.76
martinez,1848.19
martinromas,223.95000000000002
maruemsta,20.58
maruishi,772.22
marvel,286.56
masaimedved,155.08
maserati,283.14
masima,411.9
massagie,3109.12
masseffect,264.81
masstige,8.54
masstone,8911.69
mastela,13246.15
master,2058.2000000000003
masterbrilliant,23630.28
mastercraft,148.26
masteriq,232.33999999999997
masters,29.86
matador,7841.02
mateus,66045.87
matrix,10311.29
matrol,10612.11
mattel,20149.45
mattini,136.41
mattnawill,962.68
mauboussin,242.49
maunfeld,54947.58
mauricelacroix,9997.66
maverick,2529.05
max,10678.32
maxcity,859.75
maxcolor,1081.08
maxfactor,21.78
maxi,4658.02
maxi-cosi,5344.85
maxima,3158.04
maxler,14118.85
maxmara,302.45
maxpro,252.51000000000002
maxtone,54.06
maxtrek,71.82
maxvi,8622.74
maxwell,265058.02
maxxis,14423.24
maxxpro,11.56
maybelline,87.4
maybellinenewyork,27.57
maysun,67.93
mazzini,978.48
mbs,15125.58
mc,2675.98
mccan,965.19
mcculloch,745.77
mcfr,96.55
mdv,3476.74
meade,874.82
meanlove,7.7
mebberi,29554.49
mebbery,52415.97
mebberykz,1281.83
mebelazii,21617.059999999998
mebelev,3410.62
mebelgrad,2150.7200000000003
mebels,1476.48
mebelservice,32545.050000000003
mebelson,12959.369999999999
mebelswow-rn,12657.539999999999
mecta,177.60999999999999
medalist,3288.81
medela,5811.49
medeli,50734.61
medi,1025.74
medi-peel,3431.4
mediheal,27.54
medtextile,276.68
medvedko,333.92
mefro,107.08
megasaurs,13.879999999999999
mehovojsalonledi,1093.98
meike,158.24
meinl,1981.09
meizer,63.06
meizu,2056492.42
meliconi,861.0999999999999
melissadoug,47.599999999999994
melitta,43136.7
mello,1452.82
memo,3378.7599999999998
merach,5045.139999999999
mercedes,17630.63
mercedes-benz,237.17000000000002
mercedesbenz,12596.08
mercury,5781.5
mercusys,5118.69
merealni,133.07
merejbaspasy,150.54
merelani,46454.78
merida,4928.0599999999995
merkurij,2811.58
merrell,279.62
merries,15071.73
merry,361.22999999999996
merrylock,10848.99
mersco,21566.45
mersedes-benz,10708.53
merzuka,32.22
metabo,41905.38
metalac,1495.15
metalions,1398.1599999999999
metoo,39.9
metoyou,41.2
metrot,312.22
metsui,889.98
mexx,1081.06
mezizdat,6.23
mgaentertainment,3115.06
mgaintertainment,14.16
mhp,256.75
mibb,5461.4
mica,213.4
micallef,333.34
michaelkors,18688.13
michelin,3993.37
micio,14247.24
micmax,9002.62
micro,10264.15
microids,200.68
microlab,189023.18
micromax,693.97
micron,292.92
microsoft,802283.63
microsoftxboxone,540.4
micuna,3143.4900000000002
midea,4219140.26
mideer,12.97
mido,21679.809999999998
midou,1710.8400000000001
midwest,3545.02
miele,21751.670000000002
miescarpe,10.04
mif,7856.219999999999
miif,267.1
mijia,9053.23
mikasa,2140.21
mikma,33.78
mikrotik,2130.34
milan,21.83
milanicosmetics,27.84
milano,1881.41
milardo,231.36
milat,7869.48
milavitsa,14401.17
milight,22.67
milka,3.75
millet,359.86
millionaire,24226.78
milwaukee,3790.42
mima,22599.59
mimioriki,780.9200000000001
minecraft,147.24
minimen,752.43
minimotors,93409.43000000001
miniso,139.04
minizone,95.85
minno,8409.17
minoti,2990.07
mio,11655.45
miolla,156.06
mioshi,256.89
mipow,64.33
mir,3102.0299999999997
miracase,976.37
miracle,25.76
miraculous,153.87
mirax,305.45
mirex,19.740000000000002
mirra,102.96
missha,4717.65
missoni,211.07
misty,3906.4
mitre,1866.25
mitsuji,14.88
miwen,66.67
mizon,243.92999999999998
mizuno,34.49
mjx,3392.63
mkb,614.44
mmicallef,2858.5099999999998
mobil,201.01999999999998
modern,2690.74
moira,65.58
mojangelok,174.98
mojdodyr,622.54
mojmalys,158.06
mokkfi,53.52
moldabela,14059.6
moliabal,1642.29
molly,3450.34
molnia,34.47
molten,1613.9
molto,165.51
momentum,2756.81
momert,3025.88
monami,42.78
monge,1646.28
mongoose,4726.04
monix,39.12
monkey,280.59
monro,114.05
monster,915.07
montale,377029.49
montblanc,44005.11
moo,87.93
moon,21784.12
moongmbh,666.68
moony,6904.74
moonybaby,2928.66
moose,902.05
mopeksbel,515.9
mora,1687.91
morel,8449.88
morita,111.32000000000001
moschino,92950.72
moser,28102.91
mossani,150.57
motivyotdyha,360.6
motorcraft,43.24
motorola,10096.65
motul,113.78
moulinex,436279.76
moulinvilla,699.05
moxom,413.77
mozgamebel,187.13
mr.fresh,64.59
mrm-power,582.08
msi,1550227.06
mstar,12131.45
mtec,180.22
mth,1733.78
mtrend,43.76
mtx,4119.3099999999995
munchkin,50.56
muqaba,10.24
muqajankz,4998.88
muravej,25.74
murella,115.58
murkel,917.3000000000001
musclepharm,233.47
muscletech,2902.24
musicroom,2316.66
mustang,106.54
mustela,258.64
mustella,13.13
mutant,63166.14
mutlu,22101.82
mutsy,516.74
muza,2.73
mw-light,54.06
mydean,10637.05
mykronoz,48791.12
mylittlepony,123.47999999999999
myprotein,28603.39
mystar,6670.55
mystery,28468.12
mz,1314.46
nabaiji,1061.44
nada,83.6
nadoba,910.83
nakamichi,75824.3
namazu,33.18
nanga,301.93
nania,8228.84
nanrobot,40979.18
naomi,7277.68
naranda,10382.64
narodnyerecepty,5.5200000000000005
narva,3.11
nascitaprofessional,504.38
nasomatto,44058.19
native,17186.3
natrol,1611.48
naturalist,3.6
naturasiberica,26.9
naturehike,7354.88
naturerepublic,30.51
naughtydog,408.83
navigator,54.06
navitel,42933.82
nazadkistokam,12.23
nella,27.29
neman,4937.58
neo,111154.03
neoclassic,573.37
neoline,414651.79
neposeda,731.67
neptun,260.47
nerf,3341.1499999999996
nescafe,10.01
neskucnyeigry,51.46
nesquik,0.97
nestle,13.36
nestogen,5724.26
netechnics,1054052.84
netgear,20.57
neumann,22950.3
neva,46247.44
neva-taft,502.64
newbright,123.47999999999999
nexen,2071.56
nexpero,72082.4
next,21133.01
nexttab,19376.17
nexttool,109.8
ngk,1376.69
nicecooker,12984.26
nici,78.58
nicol,46.77
niio,5595.74
nik,49654.04
nika,345478.95
nikai,866.24
nike,548799.3
nikon,1089320.69
nikotex,874.42
nikstory,310.79
nillkin,781.2
ninebot,137880.44
nintendo,192081.93
nioxin,873.62
nip,66.9
nirmal,15.44
nishane,10706.85
nitecore,8121.889999999999
nitro,818.56
nitto,55.34
nivea,439.9
nix,41.19
nixx,851.36
nmp,56.6
nobby,2354.2
nobleroyale,25.74
nobu,2831.5
nocnezna,1584.78
nokia,1697418.96
nokian,9966.37
noktamakro,28639.07
nomad,10715.77
nomi,105.28
noname,1410.67
noopies,129.23
noppies,897.75
nord,2675.77
nordica,1482.13
nordland,132.14
nordway,4667.23
norfin,20727.68
norman,507.09
normann,257.4
norplast,197.2
northcoast,841.21
noryalli,536.6800000000001
note,605.01
nova,1487.81
novatex,5982.04
novatrack,18268.72
novigo,5054.88
novline,10809.72
now,4333.75
nubia,3242.02
nuk,110.05
numark,460.17999999999995
nuna,26446.0
nuova,4323.46
nuovabattipav,72.39
nur,51.48
nutrend,817.74
nutrex,10075.57
nutribullet,2682.21
nutricia,4336.45
nutrilak,48.53
nutrilon,16158.880000000001
nux,4890.74
nuxe,873.42
nvidia,205.88
nyce,126.27
nyx,2817.7
nz,2291.94
nzxt,9510.99
oase,124.94
oasis,187905.59
obey,567.28
obi,11221.93
obsessive,40.68
ocag,1561.63
ocz,635.76
ogiz,63.61
ohoha,42.47
oitez,785.65
oklick,449.37
okuma,8705.82
ol-tex,152.7
oladi,347.58
oley,34107.409999999996
olimpic,142.73000000000002
olivella,189.84
olivia,86.23
ollin,421.83000000000004
olmeko,8563.18
olmio,37796.61
olsa,21111.28
olss,1847.9099999999999
olto,20116.11
olympus,7119.62
oma,53121.49
omabelle,122825.88
omax,263.54
ombra,456.9
omero,1935.8
omnimount,575.07
omnio,193.06
omoikiri,4606.5199999999995
omron,645826.52
on,819.83
onenail,647.9200000000001
oneplus,1988554.04
onhillsport,710.43
onkron,2129.1
onlitop,5077.7
ontario,90.1
ooba,44.9
opadiris,3736.63
opple,112.44
oppo,26428297.8
optima,57359.69
optimeal,267.45
optimum,1799.1599999999999
optimumnutrition,99.75
optimus,1104.71
optiplus,11.58
optoma,39720.25
oral-b,25809.87
oral_b,1543.6000000000001
oralcare,64.36
orange,9064.66
orangedaily,25.74
orangekids,441.06
orchestra,1397.17
organicshop,36.5
oribel,245.12
orico,1671.29
orient,353955.2
origami,35.82
original,864.88
originalam.net,7.709999999999999
originalamnet,133.98000000000002
originalfittools,525.24
origins,963.4
orion,77.22
oris,224547.03
orivel,200.97000000000003
orla,14649.07
orliman,482.66999999999996
orly,14.98
ortega,5333.5
orto-bed,8796.64
ortopazl,84.39
os,311.08000000000004
osann,504.48999999999995
oscardelarenta,70.18
osman,20363.02
osram,2629.92
ostamebel,142620.28
oster,4901.03
otan,44222.380000000005
otex,30157.9
otherocean,30.86
ottozimmermann,13.39
oumile,15.44
ourgeneration,349.71
oursson,72077.2
oute,374.28
outventure,9723.55
outwell,1140.82
ovation,4549.21
overman,2458.76
ovk,43.239999999999995
oxelo,5827.42
oxford,82.38
oxygen,43651.85
oystercosmetics,81.08
ozkaplan,112.75
p.i.t.,99033.17
pablosky,8994.77
packing,147.6
paint,128.55
paiste,6254.51
pajak,380.37
palars,36.04
palette,4.02
pali,104.23
palisad,3163.54
palit,632757.96
palmbaby,15.96
palmers,1192.93
palplay,588.15
pampers,4435.05
panasonic,921796.09
pandect,7569.97
pandora,193503.56
pangao,2262.52
panolino,3541.94
panouge,10943.12
pantum,270.25
papilla,20.92
paradiso,527.23
parafar,334.09
parfumsdemarly,1011.5999999999999
parkcity,328.2
parklon,8020.57
parkmaster,13732.49
parkwood,1016.76
parrot,4014.7
partner,1072.12
parus,22.91
pasabahce,2853.95
paso,550.04
paton,2085.07
patriot,8304.97
patrol,6465.43
paulbranco,857.16
pavlina,33.19
pawpatrol,194.91
payot,725.09
pccooler,6919.34
pdw,3747.31
peak,10330.11
pearl,10152.509999999998
pearson,21.11
peavey,50534.270000000004
pebble,809.25
peda,138547.36
pedigree,525.64
pedrollo,8311.03
peg-perego,292781.07
pennsula,147.76999999999998
penny,672.9399999999999
penrui,1783.8
pensofal,29.59
pentel,38.86
peppapig,59.93
pepsi,46.22
pequetren,581.52
perilla,102691.47
perlina,877.14
permanence,4460.7
persil,83.92
persona,229.09
peruzzo,226.52
pervenec,43.73
petek,53560.33
peterhof,24591.55
petitfee,295.59999999999997
petmate,349.54999999999995
petro-canada,59.18
phanteks,256.66
phantom,13572.64
philips,3454000.13
phillips,262.94
phoenix,994358.94
pi-pi-bent,154.41
piatnik,635.64
picard,46750.25
piccasso,102.96
picooc,7843.75
pierrelannier,7747.9800000000005
pierrericaud,112.49
pigeon,140.55
pika,101.44
pikate,10039.119999999999
pinarello,2573.81
pinax,179.31
pinghudakebabycarrier,1589.74
pinskdrev,103519.72
pinti,5.4
pintinox,511.59000000000003
pinus,2849.97
pioneer,1334374.67
pirelli,655.96
pirs,35.88
pit,1913.7
piter-trejd,4.2
pituso,101555.42
pixel,463.26
pixelone,334.58
pixiebelles,42.99
plamers,18.87
plane,24.45
planet,408.08
planetaorganica,42.2
plano,971.78
plantronics,71799.08
plasmatec,540.33
plastik,133.86
play-doh,6.73
playgo,139.3
playgro,602.83
playlab,68.96000000000001
playland,11.81
playmates,514.84
playme,60335.26
playmobil,169.97000000000003
playskool,33.45
plextor,15759.14
plitex,350.26
pnb,1800.91
pny,21402.06
pocketbook,369302.43
polar,45211.08
polaris,1100209.87
polaroid,6244.62
polese,3524.62
polesie,584.3
poli,130.44
police,739.78
polini,74247.46
polisad,30.88
polistil,82.34
polkaudio,4471.0599999999995
polo,97.89999999999999
polti,1903.24
pongori,2212.4
poopsie,6837.44
popov,25564.75
poppops,10.370000000000001
popurri,66.27
porsche,9118.57
portcase,4996.36
potato,715.37
powcan,13398.150000000001
powercolor,60543.77
powerplant,21942.7
powertec,4324.38
powertrac,3482.53
pozis,191910.77
prada,9393.6
praktik,110.57
preciosa,12021.48
prego,115.83
premium,2227.87
premont,1300.76
president,13.89
presonus,952.4
prestige,794.62
prestigepro,428.06
prestigio,610658.32
preston,421.80999999999995
pride,327064.37
prime,180.18
primi,604.75
princessemarinadebourbon,75.86
privia,42.35
pro-ject,13251.640000000001
pro-karaoke,1595.91
proffcarbon,38.61
profiko,3140.2799999999997
profline,51.48
progress,1600.22
prolike,998.14
prologic,16403.49
prology,17990.18
proma,534.38
promate,169.89
promountain,1235.4
promozer,4092.5899999999997
prosperplast,254.54
proteus,2561.2
protherm,6220.529999999999
provence,24.32
provoc,34.74
proxxon,1796.8899999999999
pt-group,95013.01
puckator,947.17
pulser,5227751.91
puma,139467.59
punkyklan,476.2
pupa,16217.2
pure,5.92
purederm,59.21
puridea,51.36
pyrex,797.6
qazaqkhan,102.7
qcyber,554.34
qiangchi,863.44
qiyitoys,10.3
qmax,39831.8
qnap,294.86
qnt,112.24000000000001
qp,19.55
qplay,144.15
qq,1529.17
quantex,6290.36
quatro,6661.700000000001
quattrocomforto,221.64
quechua,5162.93
queensbee,702.72
quiksilver,1792.31
quinny,9763.12
qvs,179.32
r.empire,2156.97
racer,85501.56999999999
raceready,2651.3
rado,159823.83000000002
raduga,22.39
raffer,792.06
ragolle,3076.43
raidmax,1150.35
raido,0.68
railking,84.9
rainbo,11878.919999999998
rainbow,4743.36
rainstahl,17.66
rajton,4419.67
ralfringer,3519.59
rals,478245.2
ramili,6078.91
ranok-creative,28.55
rant,68281.03
rapala,624.0600000000001
rapid,2442.81
rapoo,10328.28
rare,51.42
rasch,184.82
rastar,34940.7
raval,169.0
ravenol,293.22
ravensburger,26.830000000000002
ray-ban,19123.95
raymondweil,6170.8099999999995
razer,66033.67
razor,25.74
rcf,15055.37
rcr,800.5300000000001
rdx,254.81
realflame,10787.64
realme,784349.63
rebellion,329.21000000000004
rebus,112413.37
recaro,5611.139999999999
redbo,58052.45
redford,69292.21
redken,695.4
redmond,2119820.6
redpower,2329.52
redragon,38988.56
reebok,70285.25
reelsonar,542.7900000000001
regatta,96.78
regent,10045.69
reima,8749.46
relouis,192.77
reluce,42.879999999999995
reluse,14.67
remain,2181.75
remax,11138.49
remeco,113.85000000000001
remeza,59372.65
remington,39923.79
remix,455.82
remo,663.6
remokolor,16.08
remonte,17200.22
rempire,1528.92
renberg,35.75
renegade,23411.170000000002
renova,51088.75
renovator,180.18
repetto,148.60999999999999
replica,3189.2999999999997
resanta,22729.95
respect,954528.0
restime,18101.2
revery,111.97
revlon,23.0
revolution,92.07
revuele,4.12
revyline,4538.06
rexco,257.5
rexona,20.93
rextor,164.11
rezult,460.78999999999996
rhapsody,144.12
rheinberger,437.06
rhythm,1277.9
rial,1478.4
ricco,7925.59
riche,593.22
ricoh,8870.15
ride,13226.789999999999
rieker,187662.61
rika,967.37
riko,19859.120000000003
rimax,892.6800000000001
rimmel,25.69
rimmellondon,189.47
ringway,3041.85
rinnai,8533.529999999999
rino,837.4399999999999
risujsvetom,15.06
ritmix,74025.99
rivacase,9457.74
rivakoch,30.86
rival,27.8
rivalli,3782.0999999999995
rivertoys,315687.23
riviera,109966.81999999999
rizmo,1235.9
rline,54.699999999999996
rm,17179.32
rnk,139.0
roadstone,988.71
roadx,8974.06
roamer,36830.79
robertobravo,200773.44
robertocavalli,882.9
robins,14.64
roblox,69.42
robocarpoli,204.74
roborock,111310.71
robotime,227.93
roca,2535.41
roces,1053.7
rochas,2037.08
rock,270.19
rockdale,12069.6
rockmybaby,886.56
rockrider,1003.11
rockstargames,5738.03
rode,4617.87
rodi,209.65
roeyuta,233.04
roingto,1310.2
rokids,405.67999999999995
roland,142243.6
romack,669.26
romana,2064.44
romanson,22809.760000000002
romax,5730.09
rombica,8782.69
romer,7819.24
ronas,1574.08
roncato,18064.97
rondell,141902.54
rongta,3534.29
rongtai,22857.73
ronthompson,393.45000000000005
rooman,69268.38
root,2275.23
rosa,18888.16
rosato,111.97
rosio,1757.76
rosmen,43.519999999999996
rossia,337.56
rossignol,17207.38
rossinka,10749.9
rostok-mebel,108.03
rotor,1310.12
rovigo,19998.18
rovus,8695.49
rowenta,196838.68
roxar,416.13
roxin,16.78
roxy,1939.18
roxykids,111.66
royal,2728.2
royallondon,2193.06
rozenbal,37.58
rsp,321.7
rubelli,2.72
rubies,113.78
rubiks,278.95000000000005
rubineta,6674.13
ruike,67.9
ruiter,746.7
ruixinlang,1199.82
runail,2193.85
rusgoldart,468420.13
rush,18484.46
russia,5096.66
rw,2398.12
ryobi,35736.33
ryor,17.76
s.a.n.,1217.55
s.oliver,4213.29
saachi,283.14
sabi,415.71000000000004
sabian,2828.09
sabiland,84.84
sabyrzhanayrin,2311.64
sachiko,131.78
sacvoyage,298.31
sades,549.63
saeshin,135573.78
sailun,2867.9
saks,64.32
saksi,182.54000000000002
sakura,1072.6699999999998
salamander,105145.52
salewa,476.78999999999996
salmo,740.76
salomon,6917.7699999999995
salvatoreferragamo,624.77
salvimar,2455.66
samo,57.96
samson,5637.24
samsonite,5042.57
samsung,425223883.51
samyang,823.47
san,380.28000000000003
sanathali,5879.92
sanc,4431.51
sandalye,1059.94
sandisk,185.87
sanfor,3.48
sanicat,57.660000000000004
sanita,8864.22
sanitaluxe,28.52
sankeiroki,7.21
sano,5.97
sanosan,28.71
sanovit,70.94
santa-cruz,1028.6
santacruz,282.89
santek,13205.93
santeri,17280.59
santoku,26.16
santoro,260.45000000000005
sapphire,80465.63
sapsula,179.93
sarabella,57.34
sardes,356.40999999999997
sariel,346.22
sarmat,1430.33
sassy,10.27
sat,1361.17
satura,32292.010000000002
saturn,40126.09
sauflon,32.43
sava,2180.25
savagegear,65.51
savic,1778.4
sbw,236.3
scarlett,549106.57
schaublorenz,24366.11
schecter,13165.46
scher-khan,947.2199999999999
schleich,185.43
schneider,1948.4
schreuder,5081.61
schreuders,3280.14
schwarzkopf,4.32
schwinn,35130.22
scierra,1794.82
scinic,20.57
scivation,66.66
scool,1142.92
scoole,233.67
scooter,7283.93
scorpion,3350.9799999999996
scott,113783.81999999999
scovo,3862.16
scoyco,1019.3
screecherswild,169.44
scruff-a-luvs,361.27
seagate,104063.89
seakoo,1226.32
seasonic,3888.35
sebamed,24.0
secretgourmet,226.45
secretkey,13.39
sede,60.49
seealt,543.38
seed,768.87
sega,23119.44
segotep,486.67
segway,99915.85
seiko,29339.87
seintex,95.23
selby,44117.77
select,759.96
selective,1550.4
selectiveprofessional,108.12
selena,97.34
seletti,31.4
selpak,1.34
senci,31840.5
sencor,14749.62
sennheiser,43626.840000000004
sensis,2884.4500000000003
sensodyne,7.1
serebro,2656.85
serebroff,1410.24
sergiorossi,2525.16
sergiotacchini,2381.97
sevenfriday,14818.92
seventeen,211.9
sevillia,808.53
shagovita,11615.939999999999
shaik,3415.3
shakira,882.4499999999999
shantougepai,147.76
shark,22244.14
sharking,2026.6
sharp,29205.260000000002
sheba,145.92999999999998
sheffilton,126.96000000000001
sheila,398.94999999999993
shenma,80693.42
sherlock,364.1
shhongri,225.25
shima,6072.29
shimano,22458.489999999998
shindo,1557.62
ship,1040.35
shiraz,18474.2
shiseido,13277.0
shishi,33.12
shivaki,341214.49
sho-me,603801.89
shoesrepablic,942.0600000000001
shoesrepublic,9027.65
shoiberg,437.84999999999997
shoodow,61.76
shopkins,16.48
shua,22977.48
shuaiwa,77.22
shunfa,17616.52
shure,71263.32
siberia,3922.49
sibrteh,2480.89
siee,3479.66
siemens,745.49
siger,6281.37
sigikid,64.33
sigma,30414.16
signal,3451.37
signature,68.53
silapro,184.83
silhouette,2864.43
silva,18011.94
silverlit,19295.79
sima-land,348.37
simat,3793.21
simax,768.92
simba,3936.5299999999997
simbat,5432.89
simfer,29958.86
similac,1416.71
simpleparenting,24571.13
sinbo,3613.62
sindbad,351.63
singer,26113.46
sinisalo,128.03
sinotex,6367.9400000000005
sinusprofi,2658.55
sirius,480.95000000000005
sirpi,178.63
sis,5.92
sisley,1734.6799999999998
siton,41.41
sitparad,432.23
sjcam,51750.26
sjrc,3554.7200000000003
skad,40805.62
skagen,14747.28
skazocnyjpatrul,87.80000000000001
skechers,13169.44
ski-doo,8350.21
skillmax,48397.76
skincode,100.38
skindoctors,293.95
skinlite,125.12
sksportivnaakollekcia,1707.84
skullcandy,21.88
skv,725.88
skv-kompani,458.18
skwooshi,2.32
skylor,608.77
skytech,740.64
skyworth,218435.68
slaro,308.86
slavanskieoboi,26.0
sledopyt,3407.21
slider,463.26
sluban,34.75
sly,174.68
sm-parts,51.48
sman,13751.46
smart,269531.23
smartbuy,8.5
smartheart,247.12
smartrike,35869.2
smarttrike,126.12
smartway,583.03
smashbox,4722.6
smeg,549236.3099999999
smiger,205.92000000000002
smile,17276.06
smoby,1816.84
sms,113.19
snez,4819.59
snickers,0.8
snowcap,37142.4
softoy,752.6999999999999
sokany,30.38
sokolov,2695026.57
solaris,1527.31
solite,2184.15
soliver,190.48
solnok,59.1
solomon,13758.44
solostyle,3484.2799999999997
solozar,432.44
sonata,2625.64
sonda,194.32999999999998
sonifer,189.69
sonor,2548.33
sonoterra,11.33
sony,23920834.01
sordiant,1029.6
sospiro,5279.77
soundking,15097.15
soundstream,48.9
sowell,34798.76
soyntec,23.52
sozzy,68.53
sp.lion,1440.1399999999999
spalding,376.9
sparky,566.3
sparta,988.3
specialized,2574.07
spectra,881.62
spektr-pribor,1982.1200000000001
speroni,1162.74
spider-man,40.03
spiegelau,220.02
spinbike,51507.02
spinmaster,5001.27
spinmop,1271.89
splashlings,18.39
splat,10.08
sportelite,172416.62
sportop,108906.29000000001
spotter,2623.46
sprite,2.6
spur,3303.71
spurschuhwerk,331.29
squier,57261.4
ssm,4342.47
stabila,602.62
stabilo,78.46
staedtler,74.8
stagg,259653.88
stahlberg,116.24
stalemal,98.85000000000001
stalker,23523.91
standardwinch,3427.1
stanley,45362.79
starfestival,135.15
stark,638.27
starline,1329067.18
starmix,3079.3199999999997
starter,316.6
startline,8682.56
startradingab,203.26
startradingabsvecia,75.78
startul,9.24
starwars,28.73
starway,1053.25
staub,294.14
stavr,29.86
stayer,3982.11
stealth,191.52
steba,241.92
steelflex,9133.6
steelpower,254.95
steelseries,66009.97
steffilove,192.39
steinberg,728.8199999999999
stellar,9.99
stels,113193.28
stenders,164.82
stendmebel,76728.56999999999
steppuzzle,5496.7300000000005
stermay,185.64
stern,21.6
sterntaler,174.0
sti,148.47
stiga,18023.19
stihl,362506.58
stikbot,374.83
stilzizni,68.31
stinger,22938.309999999998
stinol,4843.700000000001
stl,71.03
stockli,3345.5699999999997
stokke,20675.68
stolicatekstila,96.91
stolplit,894.78
stonelock,2938.02
storm,461.26
stretch,30.08
stretcharmstrong,52.11
strobbs,79706.25
strong,9099.37
stryj,746.23
studio,29.76
studiomaster,823.7
studioprofessional,100.83
stuntcar,124.33000000000001
stupidcasual,52.26
suave,3841.88
subini,16771.63
success,344.90999999999997
sulu,14427.269999999999
sumdex,11701.77
sun,22015.649999999998
sunbody,1209.8
suncolor,2416.5499999999997
sunday,10323.73
suneight,866.84
sunmi,4118.6
sunsystem,4286.73
sunuv,1572.79
sunwide,1287.64
superfine,69.31
superlux,321.77
surveon,362.17
suunto,48488.69
suzuki,3761.85
sv,1200593.75
svar,366.09
svc,2706.56
sven,264798.05
svetogor,38.59
svoboda,8.41
svr,107.50999999999999
swan,41.2
swarovski,1368.12
swat,145171.04
swatch,27834.91
sweety,3983.05
sweetyhome,77.16999999999999
swissgear,532.5600000000001
swissline,9087.39
swissmilitarybychrono,1939.84
swissmilitaryhanowa,2590.2799999999997
switel,70.79
sx,11.32
syma,25389.1
syneo,27.05
synology,13148.51
syntrax,133.98000000000002
syoss,7.46
t-max,35960.11
t-rex,4221.42
tacki,23.13
tactic,572.18
tacx,47513.49
taftoys,139.88
tagheuer,70117.6
takamine,37569.52
takeit,597.5799999999999
tako,18893.559999999998
taller,1318.66
tamaris,18008.53
tamina,98531.78
tamish,139.25
tamron,6989.46
tangleteezer,44.269999999999996
tanglewood,27073.07
tanix,2915.5
tannoy,1359.12
target,321.24
targus,42.76
tarkett,392.8
tarlan,3970.38
tarmak,241.87
tascam,1192.07
tawas,21.51
taxi,394.65000000000003
tch,2680.34
tchibo,5.93
tcl,2573011.05
tdm,51.66
teamgroup,3815.81
teana,115.02000000000001
tec,2061.52
technomax,858.97
techsport,2268.96
tecno,367969.0
tedmyfriend,23.16
tefal,2777998.56
tega,2446.33
tehnopark,8.55
teka,29228.53
tekled,46.95
teknetics,2792.48
teknum,78035.64
teks-dizajn,366.8
telecom,30.84
telefunken,743.96
telwin,6911.42
temp,1587.3799999999999
tempish,465.67
tempur,169.89
tenda,3266.88
teorema,892.34
teosa,13677.03
teploross,29391.780000000002
teploteh,64.09
tera,1686.37
terminus,2143.43
termit,1209.06
terra,69.46
terris,35412.92
tescoma,27.81
teslastyle,1346.12
tesler,408.96999999999997
tesma,32.25
tesoro,324.46
tesy,534.69
teta,122.2
tetchair,638.9
tetra,1439.91
texet,100892.72
textura,1998.03
teyko,1191.43
tgr,71.91
thenice,221.36
thermaltake,68998.98
thermex,350403.34
theshinestonetrade,848.24
thomas,1328359.3800000001
thronmax,120.72
thrustmaster,20152.54
thule,65416.86
tianzhanfitness,4877.34
tide,1628.77
tigar,1189.99
tigernu,848.54
tima,449.82
timberk,23092.42
timejump,471.6
timson,2216.23
tinylove,251.95
tiod,272.27
tiret,4.18
tisa,668.3
tissot,844555.9
titan,11805.529999999999
tiziana,1470.8999999999999
tizianaterenzi,199.5
tizo,104.86
tl,156.61
tmnt,158.78
tobot,4583.17
tofu,46.67
tognana,519.95
tokina,1602.32
tokler,1729.86
tololo,11.04
tomahawk,37425.27
tomex,39.48
tomfarr,6279.44
tomford,3694.54
tomix,1213.24
tommyhilfiger,460.24
tomoloo,8777.85
tomy,10.76
tonar,4554.23
tongs,609.01
tontarelli,374.08
tonybellucci,25152.05
toocool,160.28
tools,122.5
topex,109.26
topface,491.22
topicrem,946.22
topten,1052.85
torch,56.85
tornado,292.74
torneo,20946.75
toro,8572.48
torrent,692846.28
torres,732.08
torso,206.89000000000001
tosato,486.5
toshiba,421881.57
totachi,1387.3999999999999
totaku,180.45000000000002
total,65489.0
totalbox,380.96
toto,2266.19
totolink,21.88
touchbeauty,1395.18
tourist,21.62
tous,208.66
toyland,30758.64
toyo,972.74
toyota,74936.22
toysmax,478.32
tp-link,610765.25
tpmaster,239.37
tradiciitekstila,18.96
tramontina,22591.74
tramp,441.96999999999997
transcend,219152.1
transformers,190.43
traser,6410.96
travel,463.21999999999997
travelite,5817.13
travellight,23.16
traxxas,332.56
trazano,13663.78
trebl,466.94
trefl,472.21000000000004
trek,94637.14
trendbeauty,9.78
trendnet,64.87
trento,39.86
trevi,2213.7
triangle,16337.72
trichup,157.6
tridevatoecarstvo,1132.6
trikota,60.74
trinx,36646.81
tristar,5946.6900000000005
triton,40000.55
triumf,6396.429999999999
triumphnord,1814.77
triumphtree,1948.12
trixie,208.78
trollbeads,18626.24
troyka,3599.36
trukinauki,15.14
trunki,326.83
trusardy,57.93
trussardi,15115.52
trust,104166.53
trx,22.5
tsubaki,562.44
tsv,130.91
tuarex,87.68
tubor,1304.0
tucano,1179.97
tuffoni,5813.97
tuka,3365.55
tuncmatik,211.4
turbo,53550.92
turboair,26998.88
turbosound,5050.31
turtle,6123.63
turtles,55.64
tutis,39624.69
tutti,2144.37
tv-shop,513.47
tvs,314.03999999999996
twistclimbingcar,494.25000000000006
ty,242.67
tyc,67.66
tyent,20978.64
tyr,905.3
tyrex,189.19
ub,193.04999999999998
ubear,15.44
ubiquiti,780.54
ubisoft,14389.14
ubtech,110.92
ugears,231.91
ugreen,887.75
ukikids,396.20000000000005
ulker,1.41
ultimate,55.6
ultimatenutrition,59.2
ultra,56.62
ultraflash,528.66
ultrapowersports,22471.67
ultravit,231.54000000000002
umbro,185.34
umi,352599.29
umka,50.94
underarmour,193.05
unex,39.900000000000006
uni-t,3516.66
unice,39.94
unicum,4.3
unidec,1580.67
uniforce,167.82000000000002
unilux,463.99
unipump,6591.04
unison,49.08
unit,28248.16
unitedcolorsofbenetton,34.45
universal,346.84
uno,3689.51
uomo,1261.12
uplus,691.63
upright,48.9
uragan,3833.69
ural,1256.1399999999999
uralsport,1816.26
urban,643.5
urbanears,326.19
urgaz,290.34000000000003
uriage,426.38
usams,23854.53
usborne,59.72
usmedica,1046.92
uta,47664.01
v-t,47.84
vaiper,205.92
vako,7100.59
valberg,18739.24
valentino,1245.01
valkiria,2337.61
valve,583.8
vanish,4.63
vans,8205.95
vari,114.52000000000001
varta,27761.84
vasden,476.18999999999994
vasilisa,208.31
vasin,3595.9400000000005
vaude,513.8
vcom,107.93999999999998
vdk,18484.86
vdovichev,10.4
vectron,10702.96
vega,43734.13
vegas,42739.06
veho,1084.95
velena,189.21
velform,40.16
velikiereki,46.8
velo,231.66
velocifero,2315.82
velvet,17427.51
velvet-santiago,21992.86
vensi,211.08
ventara,451.9
ventura,881.83
venum,471.06000000000006
verbatim,7310.56
verdi,12954.939999999999
veritas,29432.969999999998
verloni,7573.44
vernel,23.31
verossa,3641.19
versace,484821.79
versale,10031.0
versus,3615.79
vertex,1393.17
ves,119.41
vesta,117.01
vestel,248506.37
veston,41405.57
vgr,172.96
vialata,4.25
viatti,5644.1
vibe,446.85
vibram,1514.8200000000002
vicalina,743.89
vichy,18636.51
victoria,45.02
victoriashu,56.53
victoriassecret,733.61
victorinox,6348.29
viewmaster,953.28
viewsonic,56967.0
viga,179.26999999999998
vihr,8770.51
viking,18435.01
viktorrolf,230.52
vilatte,811.55
vilenta,1.16
vilia,488.85
vinzer,29424.18
vipe,1956.55
vipose,45.05
visage,347.49
visavis,3786.68
visnevyjpapa,19.0
vista,1770.96
vitaluce,897.09
vitamec,19.58
vitebskiekovry,1179.25
vitek,1249024.88
viteks,3.9399999999999995
vitesse,47.370000000000005
vitra,2762.8
viva,942.1
viviennesabo,426.42
vivitek,1599.13
vivo,4765513.65
vladi,2777.54
vladitoys,32.03
vmv,260.44
vobix,2253.3899999999994
vokul,351.62
volcano,2280.5499999999997
volkl,5825.86
volta,87892.95
voltajr,1009.05
voltman,41510.729999999996
voltmaster,2314.23
voondo,12270.14
vossen,695.0
vouni,15.36
voyager,574.01
vozak,54.57
vsestularu,2194.37
vt,83.14
vtech,1121.59
vulli,1245.05
w-star,2838.42
w.zorge,128.72
wacaco,128.7
wacom,167679.58
wader,13.45
wagner,61714.71
wahl,5134.58
wahoo,1018.04
walfix,2066.82
walkmaxx,5913.099999999999
wallberry,829.1800000000001
wanday,10.27
wangfeng,591.65
warn,3135.8500000000004
warrior,550.04
waterpik,11406.87
wd,268.68
weber,30195.23
weekend,4120.82
wehncke,1531.41
weider,419.75
weifeng,5253.22
weimingzhu,36.04
weina,80.46
weiste,52.120000000000005
weitai,188.93
welcos,87.99000000000001
wella,272.0
wellberg,3919.77
wellneo,3496.42
welly,4607.41
welss,2354.54
wenge,879.05
wenger,441.45000000000005
wensheng,63.269999999999996
wenyi,200.02
wert,100.87
westa,4596.11
wester,117.30000000000001
westerndigital,1188.49
westone,372.74
wethepeople,16402.68
wh,982.78
whirlpool,149082.77
whiskas,18.48
whistler,1337.05
whitewave,503.07000000000005
whito,83.65
wibtek,3454.63
willmark,46316.46
willmax,12.360000000000001
wilo,1194.48
wilson,4798.48
winca,54451.55
wincars,3362.07
wingo,15283.16
wingoffly,303778.53
wintek,1045.49
winxclub,99.88000000000001
wiseson,183.03
witerra,4875.66
wiwu,71612.14
wk,65.38
woddon,530.83
wonderlab,104.19000000000001
wonlex,77773.18000000001
woodcraft,700.13
wopow,16.48
work,905.0799999999999
wortex,5854.3
worth,8.49
worwo,215.11
wotrex,205.84
wowwee,2296.67
wster,6024.76
wurth,672.98
wuw,311.89
ww,249.29999999999998
x-digital,112.12
x-foot,6077.46
x-game,87528.77
x-level,823.73
x-race,175.04
xerjoff,250.12
xerox,63269.7
xg,5782.68
xgimi,34903.68
xgl,109.69
xiaomi,90481244.37
xieming,549.15
xilong,11.58
xing,66660.23
xinyu,49.95
xjewellery,409.22
xlmedia,26.61
xp-pen,95072.4
xstream,24.09
xtrembots,66.93
xtrike-me,199.15999999999997
xun,237.85
xwsport,15.42
yadah,26.689999999999998
yako,4.38
yamaguchi,28073.31
yamaha,1755722.0
yamatsu,25339.32
yangzhou,32.18
yasham,24.7
yasin,1104302.92
yato,973.42
yegam,69.28
yh,975.28
yi,4680.82
yika,540.6
yjfitness,2344.98
yoga,6318.93
yogasprout,6.28
yokatta,289.33
yokito,349.78999999999996
yokohama,5486.1
yokosun,3549.92
yongnuo,1202.2
yoshioki,560.62
yota,172.45999999999998
yotrix,18.53
youleen,529.98
youngtoys,172.2
yoya,41082.89
yuago,1880.3500000000001
yuandong,353.29
yuka,540.56
yulu,58.7
yunteng,4100.47
yusufhali,3826.96
yvesrocher,428.28
yvessaintlaurent,22343.85
z.a.i.n.,1059.39
zaharov,11.75
zain,464.59999999999997
zalman,3073.88
zanussi,43389.1
zanzoon,55.6
zapco,167.31
zapfcreation,3209.97
zappiti,1172.3
zarad,139.0
zarkoperfume,248.11
zebratoys,1212.31
zegan,1245.08
zegor,281.48
zelmer,22651.18
zemex,2687.53
zenit,341.11
zenmart,781.94
zenzia,65.38
zephyr,180.2
zeppelin,38601.57
zerten,884.27
zeta,316808.74
zeus,34.75
zewa,16.16
zfts,673.53
zhehua,3011.58
zhejiang,2042.9
zhejiangjiajia,9770.21
zilmer,2110.21
zimakrasavica,913.99
zinc,451.28999999999996
zing,59.91
zinvo,27594.0
zirafiki,24.07
zlatek,21216.37
zmi,586.1500000000001
zobo,6788.32
zoizoi,24.15
zongshen,2627.75
zooexpress,44.3
zoom,2002.74
zorg,2794.92
zotac,19721.46
zowie,15007.98
zte,82376.44
zubr,39223.88
zuru,115.65
zvezda,35.839999999999996
zyxel,952.6899999999999
