id,brand_name
999,a-case
1000,a-derma
1001,a-elita
1002,a-mega
1003,a-product
1004,a-toys
1005,aardwolf
1006,abaybooks
1007,abc
1008,abhika
1009,abk
1010,abris
1011,absolutechampion
1012,absolutenewyork
1013,abtoys
1014,abugarcia
1015,ac
1016,academie
1017,acana
1018,acase
1019,accademia
1020,accesstyle
1021,accoona
1022,accord
1023,accumaster
1024,acd
1025,acebeam
1026,acer
1027,aces
1028,achilles
1029,acm
1030,acme
1031,acnecontrolprofessional
1032,acoola
1033,acorp
1034,acorsa
1035,acqua
1036,acron
1037,actimel
1038,action
1039,actiontrack
1040,active
1041,activision
1042,acuvue
1043,acv
1044,acvilagrup
1045,acw
1046,adagio
1047,adal
1048,adam
1049,adamas
1050,adamex
1051,adata
1052,addlink
1053,adel
1054,adelline
1055,adenandanais
1056,adidas
1057,adil
1058,adile
1059,adili
1060,adking
1061,admarginem
1062,admira
1063,adora
1064,adrenaline
1065,adriatica
1066,adrilux
1067,advan
1068,aeg
1069,aenepure
1070,aeolus
1071,aero
1072,aerocool
1073,aeroforce
1074,aerolajf
1075,aerosystem
1076,afnan
1077,afox
1078,ag
1079,agatharuizdelaprada
1080,age
1081,agent
1082,agidel
1083,agl
1084,agness
1085,agnetha
1086,agrimotor
1087,agu
1088,agv
1089,aidini
1090,aiebao
1091,aiformaria
1092,aiken
1093,aiko
1094,aileron
1095,aimile
1096,aimoto
1097,ainibabe
1098,air-cool
1099,aircool
1100,airelec
1101,airex
1102,airjordan
1103,airline
1104,airmax
1105,airrower
1106,airselfie
1107,airwheel
1108,aist
1109,aivengo
1110,ajmal
1111,ajris-press
1112,akademiagrupp
1113,akademiaholding
1114,akai
1115,akara
1116,akciaeglo
1117,akebono
1118,akel
1119,akg
1120,akkord
1121,akku
1122,akom
1123,akor
1124,akpo
1125,akro
1126,aksina
1127,aksion
1128,akva
1129,akvafor
1130,akvalinia
1131,akvarel
1132,akvarobot
1133,akvaton
1134,akyoto
1135,al-ko
1136,aladen
1137,alaia
1138,alakaj
1139,alantex
1140,alaskaoriginale
1141,alavann
1142,alba
1143,albertm
1144,albertocasiano
1145,albino
1146,alborz
1147,alca
1148,alcasta
1149,alcon
1150,alctron
1151,aldit
1152,aleana
1153,alecord
1154,alerana
1155,alesis
1156,alessandrobosso
1157,alessio
1158,aletant
1159,aleteja
1160,alex
1161,alexandermcqueen
1162,alexandre.j
1163,alexika
1164,alexrojo
1165,alfa
1166,alfa-kniga
1167,alfreddunhill
1168,algotherm
1169,alienware
1170,alilo
1171,alinapaint
1172,alinco
1173,alinex
1174,alis
1175,alisa
1176,alissabeaute
1177,alita
1178,alkor
1179,alligator
1180,allocacoc
1181,alloywheels
1182,allvega
1183,almacom
1184,almada
1185,almaks
1186,almatv
1187,almaty
1188,alondra
1189,alpenhof
1190,alphaline
1191,alphard
1192,alpicool
1193,alpika
1194,alpina
1195,alpinapabliser
1196,alpine
1197,alpinistik
1198,alser
1199,altacto
1200,altair
1201,altajsina
1202,alteco
1203,altel
1204,altenzo
1205,alterna
1206,alternativa
1207,altex
1208,altinbasak
1209,altrad
1210,alumet
1211,alutec
1212,alvarez
1213,alveus
1214,alvitek
1215,alvo
1216,alza
1217,am-pm
1218,am.pm
1219,amalbooks
1220,amarobaby
1221,amatis
1222,amazfit
1223,amazon
1224,ambassador
1225,amberstone
1226,ambition
1227,amd
1228,amefa
1229,amega
1230,amen
1231,amercook
1232,americancrew
1233,americanmotionfitness
1234,amet
1235,amf
1236,amico
1237,amigami
1238,amiibo
1239,amiran
1240,amistar
1241,amos
1242,amouage
1243,amova
1244,ampeg
1245,ampm
1246,amra
1247,ams
1248,amsterdam
1249,amtel
1250,amur
1251,anahickmann
1252,anatomico
1253,and
1254,andeks
1255,andrea
1256,andreafontebasso
1257,andrewfuchs
1258,andromeda
1259,anelli
1260,anemone
1261,anesi
1262,anex
1263,angel
1264,angelcare
1265,angelteam
1266,angrybirds
1267,anhuitech
1268,annaanna
1269,annaite
1270,annalafarg
1271,annalafargemily
1272,annaluma
1273,annasui
1274,annchery
1275,annovireverberi
1276,anon
1277,anreks
1278,anskin
1279,ansmann
1280,ant
1281,anta
1282,antares
1283,antec
1284,antel
1285,antika
1286,antonio
1287,antoniolavazza
1288,anytek
1289,aoc
1290,aoki
1291,aolais
1292,aopen
1293,aorus
1294,aoteli
1295,apacer
1296,apache
1297,apart
1298,apc
1299,apcbyschneiderelectric
1300,apex
1301,aplus
1302,apocalypse
1303,apollo
1304,apple
1305,applegate
1306,appollo
1307,apriori
1308,aps
1309,aqoamarin
1310,aqua
1311,aquabeads
1312,aquael
1313,aquafit
1314,aquafresh
1315,aquafruit
1316,aquajet
1317,aqualife
1318,aquamarine
1319,aquanet
1320,aquapick
1321,aquarelle
1322,aquarodos
1323,aquastar
1324,aquatic
1325,aquaton
1326,aquaverso
1327,aquavis
1328,aquilon
1329,aqwella
1330,ara
1331,arai
1332,araton
1333,arb
1334,arba
1335,arcancil
1336,arcancilparis
1337,arcansil
1338,arco
1339,arcodoro
1340,arctic
1341,ardahali
1342,ardell
1343,ardesia
1344,ardesto
1345,ardin
1346,ardo
1347,ardoni
1348,areca
1349,arena
1350,areol
1351,aresa
1352,arg
1353,aria
1354,ariel
1355,ariete
1356,ariostea
1357,ariston
1358,ark
1359,arkade
1360,arkadia
1361,arktika
1362,arlem
1363,armada
1364,armaf
1365,armand
1366,armandbasi
1367,armani
1368,armatech
1369,armateh
1370,armmedia
1371,armos
1372,arms
1373,armytek
1374,arnica
1375,arno
1376,aromika
1377,aromir
1378,arpenaz
1379,arrivo
1380,arsi
1381,arstisa
1382,art-visage
1383,artberry
1384,artel
1385,artelamp
1386,artengo
1387,arteolfatto
1388,artesia
1389,artex
1390,artglass
1391,arthali
1392,artiny
1393,artmoon
1394,artmusical
1395,artplays
1396,artpostel
1397,artpostelka
1398,artspace
1399,arturia
1400,artvisage
1401,artway
1402,arua
1403,aruba
1404,aruna
1405,arwanan
1406,asb
1407,ascoli
1408,ascot
1409,asel
1410,ashleyfurniture
1411,asi
1412,asics
1413,asil
1414,askona
1415,asm
1416,asmrelaks
1417,aspandau
1418,aspekt
1419,asrock
1420,assorti
1421,ast
1422,astana
1423,astell
1424,aston
1425,astoria
1426,astrel
1427,astrid
1428,asu
1429,asus
1430,asustor
1431,asx
1432,atamra
1433,atelier
1434,ateliero
1435,aten
1436,ateox
1437,atk
1438,atkinsons
1439,atlant
1440,atlantic
1441,atlantmf
1442,atlas
1443,atmor
1444,atmosphera
1445,atoll
1446,atom
1447,atomic
1448,aton
1449,atra
1450,atrai
1451,ats
1452,attar
1453,attikus
1454,attribute
1455,audac
1456,audi
1457,audio-technica
1458,audiotop
1459,audison
1460,aufine
1461,augustinwelz
1462,aukia
1463,aula
1464,auldey
1465,aura
1466,auratic
1467,aurora
1468,ausini
1469,author
1470,autojet
1471,autoline
1472,autolite
1473,autopower
1474,autoprofi
1475,autotime
1476,autovirazh
1477,aux
1478,auza
1479,ava
1480,avalon
1481,avaloncarpet
1482,avangardplast
1483,avanta
1484,avatar
1485,avatyre
1486,avel
1487,avene
1488,avengers
1489,avent
1490,avermedia
1491,avid
1492,avina
1493,avionaut
1494,avis
1495,aviselectronics
1496,avitron
1497,avizor
1498,avrora
1499,avrorateksdizajn
1500,avs
1501,avtolider
1502,avtotent
1503,awei
1504,axe
1505,axis
1506,axiver
1507,axper
1508,aywiparts
1509,azbuka
1510,azbuka-attikus
1511,azbukvarik
1512,azzaro
1513,b-kids
1514,b.a.shop
1515,b.h.h
1516,b.well
1517,babalo
1518,babe
1519,babies
1520,babolat
1521,baboo
1522,babor
1523,baby
1524,babybjorn
1525,babyborn
1526,babybotte
1527,babybrezza
1528,babycare
1529,babycarrier
1530,babycim
1531,babygo
1532,babygrace
1533,babyhit
1534,babykiss
1535,babyline
1536,babyliss
1537,babylisspro
1538,babylock
1539,babymoov
1540,babyok
1541,babyono
1542,babys
1543,babysing
1544,babysinq
1545,babyswing
1546,babytime
1547,babywood
1548,babyzen
1549,babyzz
1550,bacchetta
1551,badboy
1552,baden
1553,badlandgames
1554,bafang
1555,bagdanoviceskijfarforyvyjzavod
1556,bagira
1557,baige
1558,bair
1559,baku
1560,bakugan
1561,baldessarini
1562,balenciaga
1563,ballarini
1564,ballist-x
1565,ballistix
1566,ballu
1567,balmain
1568,balta
1569,baltekstil
1570,balterio
1571,baltgaz
1572,bambi
1573,bambini
1574,bambino
1575,bambola
1576,bamboo
1577,bambuk-lev
1578,banbao
1579,bandai
1580,bandainamco
1581,bandainamcoentertainment
1582,banquet
1583,baobaohao
1584,baraka
1585,baratto
1586,barbie
1587,barcelona
1588,bardahl
1589,barer
1590,barettoni
1591,barhatnyjsezon
1592,barilla
1593,barkan
1594,barmila
1595,barneo
1596,barokko
1597,baron
1598,baroque
1599,barretoni
1600,bars
1601,bartek
1602,bartplast
1603,barty
1604,barum
1605,basaran
1606,baseus
1607,basf
1608,basharan
1609,basic
1610,basik
1611,basilico
1612,bassire
1613,bata
1614,batik
1615,batiste
1616,batman
1617,battat
1618,battipav
1619,baudet
1620,bauer
1621,baum
1622,bavaria
1623,baw
1624,bax
1625,bayce
1626,bayer
1627,bayerdolls
1628,bayerlux
1629,baymak
1630,bazhou
1631,bbh
1632,bbk
1633,bbs
1634,bbsky
1635,bburago
1636,bd
1637,bdsmaschinengmbh
1638,beaba
1639,beanzeez
1640,beats
1641,beauraing
1642,beautyblender
1643,beautycreations
1644,beautyfurs
1645,beautyvisage
1646,beauugreen
1647,bebeconfort
1648,becca
1649,becker
1650,beeline
1651,befirst
1652,behramhali
1653,behringer
1654,beijing
1655,beisier
1656,bekker
1657,beko
1658,bekzatsport
1659,bel
1660,bela
1661,belaakalitva
1662,belaavorona
1663,belashoff
1664,belavtokomplekt
1665,belcando
1666,belcat
1667,belecoo
1668,belezza
1669,belgia
1670,belis
1671,belisa
1672,beliss
1673,belissima
1674,belissimo
1675,belita
1676,belita-viteks
1677,belka
1678,belkin
1679,belkosmex
1680,bella
1681,bellamebel
1682,belletti
1683,bellisimo
1684,bellissima
1685,bellissimaimetec
1686,belordesign
1687,belsina
1688,belux
1689,belyjedinorog
1690,belyjveter
1691,benbat
1692,bene
1693,benebaby
1694,benny
1695,benq
1696,bentley
1697,benuta
1698,bequiet
1699,berber
1700,berdsk
1701,bergamo
1702,bergauf
1703,berger
1704,berghoff
1705,bergner
1706,bering
1707,berkley
1708,berkut
1709,berlinger
1710,berlingerhaus
1711,bernina
1712,berossi
1713,berrisom
1714,berrymors
1715,bertoni
1716,bertonilorelli
1717,beru
1718,besafe
1719,bessey
1720,best
1721,bestbalance
1722,bestia
1723,bestlife
1724,bestoy
1725,bestsellers.kz
1726,bestway
1727,besty
1728,beta
1729,bethesda
1730,betsy
1731,beuchat
1732,beurer
1733,beyblade
1734,beyerdynamic
1735,beyonce
1736,beyond
1737,bfgoodrich
1738,bfsnowboards
1739,bfz
1740,bhawk
1741,bianca
1742,bibalina
1743,bielita
1744,biema
1745,biemmedue
1746,big
1747,bigben
1748,bigdream
1749,bigfigures
1750,bigklever
1751,bigmotors
1752,bildo
1753,billi
1754,bilstein
1755,binatone
1756,bingo
1757,bio
1758,bio-oil
1759,bio-tekstil
1760,bioderma
1761,biofinity
1762,biography
1763,bioinhaler
1764,biol
1765,biolage
1766,biolane
1767,bioline
1768,biomecanics
1769,biomed
1770,bionime
1771,biostal
1772,biostar
1773,biotech
1774,biotherm
1775,biovea
1776,biovise
1777,bioworld
1778,birusa
1779,bisou
1780,bissell
1781,biwec
1782,bkf
1783,blackberry
1784,blackbox
1785,blackdecker
1786,blackmores
1787,blackstonelabs
1788,blackview
1789,blackvue
1790,blam
1791,blanco
1792,blanx
1793,blaster
1794,blauberg
1795,blaumann
1796,blaupunkt
1797,blend-a-med
1798,blenderbottle
1799,blg
1800,blistex
1801,blitz
1802,blocks
1803,bloombaby
1804,bloomsbury
1805,bluedio
1806,blueidea
1807,blueprint
1808,blueseven
1809,bluesonic
1810,blumarine
1811,blw
1812,bmw
1813,boarteks
1814,boboli
1815,boccia
1816,bochetti
1817,body-solid
1818,bodyboom
1819,bodykraft
1820,bodysculpture
1821,bodysolid
1822,bogates
1823,boge
1824,bohemia
1825,bohemiacrystal
1826,bohemian
1827,bohmann
1828,boley
1829,bomann
1830,bombbar
1831,bombcat
1832,bomberg
1833,bombora
1834,bompani
1835,bon
1836,bona
1837,bond
1838,bondibon
1839,bonduelle
1840,boneco
1841,bonita
1842,bonne
1843,bontrager
1844,bonvini
1845,booil
1846,boomtrix
1847,borasco
1848,borinskoe
1849,bork
1850,borofone
1851,borovici
1852,bort
1853,bosch
1854,bose
1855,bosh
1856,bosher
1857,bosnic
1858,boss
1859,bossh
1860,bot
1861,botanica
1862,botas
1863,boteng
1864,boto
1865,botticelli
1866,boucheron
1867,bouncin
1868,bouncinbabies
1869,bounty
1870,bourjois
1871,bourtsos
1872,bovidix
1873,bowflex
1874,boyscout
1875,boyu
1876,bozhi
1877,bq
1878,bra
1879,brabix
1880,bradex
1881,brahner
1882,brain
1883,branq
1884,brateck
1885,bratz
1886,brauberg
1887,braumauto
1888,braun
1889,bravat
1890,bravilor
1891,bravis
1892,bravo
1893,bravolli
1894,brayer
1895,breezeboat
1896,bref
1897,brembo
1898,brennenstuhl
1899,bresser
1900,brevi
1901,bridgestone
1902,briknik
1903,brisk
1904,brita
1905,britax
1906,britaxroemer
1907,britaxromer
1908,britneyspears
1909,britop
1910,briverre
1911,brizoll
1912,brkpress
1913,bro
1914,brocoli
1915,bronzallure
1916,broomer
1917,brother
1918,bruder
1919,brumer
1920,bruynzeel
1921,brw
1922,brynzeel
1923,bsa-wheels
1924,bsf
1925,bsn
1926,bts
1927,btwin
1928,bubble
1929,bubchen
1930,buderus
1931,budibasa
1932,buebchen
1933,bueno
1934,buffalo
1935,bugaboo
1936,bugati
1937,bugatti
1938,buggy
1939,build-a-bear
1940,built-inoven
1941,buldors
1942,bulgari
1943,bulget
1944,bulin
1945,bulova
1946,bumbaram
1947,bumbleride
1948,bumprider
1949,bunchems
1950,burberry
1951,burc
1952,burgerschuhe
1953,burn
1954,burna
1955,burokrat
1956,burton
1957,bushnell
1958,butterfly
1959,buttonblue
1960,buzzbee
1961,bvlgari
1962,bwell
1963,bws
1964,bwt
1965,bxg
1966,byintek
1967,bykilian
1968,byotea
1969,byredo
1970,bytplast
1971,byz
1972,cablexpert
1973,cacharel
1974,cada
1975,cadelvetro
1976,cadillac
1977,cafe-cafe
1978,cafemimi
1979,cailyn
1980,caiman
1981,calgaro
1982,calgon
1983,calipso
1984,callida
1985,calligrata
1986,calorie
1987,calve
1988,calvinklein
1989,calypso
1990,cam
1991,camay
1992,camelion
1993,cameo
1994,cameron
1995,camino
1996,campina
1997,campinggaz
1998,camptown
1999,camshel
2000,camso
2001,can-am
2002,canadiana
2003,canam
2004,candide
2005,candino
2006,candy
2007,candylocks
2008,cannondale
2009,canon
2010,canson
2011,canton
2012,cantra
2013,canwood
2014,canyon
2015,capanni
2016,capcom
2017,capdase
2018,capella
2019,capline
2020,capri-sonne
2021,caprice
2022,car-baby
2023,carahardwood
2024,caramelia
2025,caravanmusic
2026,caraya
2027,carbon
2028,carcam
2029,cardrox
2030,carfashion
2031,carhome
2032,carino
2033,carlsbad
2034,carlsbro
2035,carmani
2036,carmex
2037,carpet
2038,carpisa
2039,carrera
2040,cars
2041,carters
2042,cartier
2043,cartoon
2044,carver
2045,carwel
2046,casaconforte
2047,casada
2048,casamorati
2049,casato
2050,case
2051,caseconforte
2052,casela
2053,casio
2054,caso
2055,casp
2056,casper
2057,casta
2058,castelgarden
2059,castorland
2060,castrol
2061,cat
2062,cata
2063,catimini
2064,catlitter
2065,catrice
2066,catsan
2067,catunltd
2068,cavaletto
2069,cavanova
2070,cayee
2071,cayin
2072,ccm
2073,cd
2074,ceinio
2075,celebrat
2076,celestron
2077,celine
2078,cellarprivate
2079,cellio
2080,cellucor
2081,cempioneria
2082,cenmax
2083,centara
2084,centec
2085,centek
2086,centrkom
2087,centrpoligraf
2088,centrpravilnogosna
2089,centrsportivnogopitania
2090,centurion
2091,centurionlabz
2092,cepeckaamf
2093,ceresit
2094,ceriotti
2095,cerruti
2096,cersanit
2097,certina
2098,cettua
2099,cezaris
2100,chairman
2101,chameleon
2102,champion
2103,chanel
2104,changan
2105,changerobot
2106,changerobots
2107,changhong
2108,chaod
2109,chaoyang
2110,chappi
2111,char-broil
2112,chariots
2113,chayka
2114,checkin
2115,chef
2116,chemipro
2117,chenri
2118,chiaro
2119,chic
2120,chicco
2121,chieftec
2122,chigo
2123,childhome
2124,chilok
2125,chilokbo
2126,ching-ching
2127,chingching
2128,chloe
2129,chocair
2130,chomik
2131,chopard
2132,christina
2133,chub
2134,chuckfriends
2135,chuggington
2136,ciaobimbi
2137,cif
2138,cifyurm
2139,cigii
2140,cikoo
2141,cilek
2142,cilia
2143,cillit
2144,cime
2145,cinemood
2146,circle
2147,cisco
2148,citilux
2149,citizen
2150,citycolor
2151,cityrover
2152,cityup
2153,clairefontaine
2154,clanfrancoferre
2155,clarion
2156,clariss
2157,clasna
2158,classen
2159,clasy
2160,clatronic
2161,claudebernard
2162,claudedozorme
2163,clevan
2164,clever
2165,clevercompany
2166,cliff
2167,climadiff
2168,clinch
2169,clinique
2170,clippasafe
2171,clipstudio
2172,clomapharma
2173,clou
2174,clover
2175,cmi
2176,cmt
2177,cnd
2178,coach
2179,coballe
2180,cobat
2181,cober
2182,cobi
2183,cobra
2184,cobralabsjnx
2185,coca-cola
2186,coccinelle
2187,cocochoco
2188,cocoonababy
2189,codemasters
2190,coghlans
2191,colab
2192,coleman
2193,colgate
2194,collagen
2195,collecta
2196,collection
2197,collins
2198,collistar
2199,coloma
2200,colombo
2201,colorfix
2202,colorful
2203,colorkids
2204,colorland
2205,colorway
2206,colourpop
2207,columbia
2208,combo
2209,comet
2210,comf-pro
2211,comfee
2212,comforser
2213,comfort
2214,comfortbaby
2215,comfortzone
2216,comma
2217,compasal
2218,compliment
2219,complimenti
2220,comporta
2221,concept
2222,conceptclub
2223,condor
2224,condtrol
2225,conductor
2226,confetti
2227,constancy
2228,constantdelight
2229,conte
2230,conteelegant
2231,continent
2232,continental
2233,contour
2234,converse
2235,coolbaby
2236,coolermaster
2237,coolfort
2238,coolinar
2239,coolmaker
2240,coolmaster
2241,cooperhunter
2242,coopervision
2243,cordial
2244,cordiant
2245,cornerstone
2246,corona
2247,corozo
2248,corps
2249,corpus
2250,corrado
2251,corsair
2252,corsocomo
2253,cort
2254,cortland
2255,cosmisracing
2256,cosottinni
2257,cosrx
2258,costadinafur
2259,coty
2260,cougar
2261,courvoisier
2262,covani
2263,cover
2264,cow
2265,cowon
2266,cozmo
2267,cpl
2268,craft
2269,cralusso
2270,crane
2271,crea
2272,creative
2273,creature
2274,creavit
2275,creed
2276,cremesso
2277,creo
2278,creoceramique
2279,crescina
2280,cressi
2281,crest
2282,crisa
2283,crockid
2284,crome
2285,crona
2286,cronos
2287,crosby
2288,crossstreet
2289,crowdgames
2290,crown
2291,crucial
2292,crunch
2293,crusader
2294,crybabies
2295,crystal
2296,crystalite
2297,crystallux
2298,crystaltrees
2299,csmedica
2300,cth
2301,ctr
2302,cube
2303,cubicfun
2304,cullmann
2305,cultor
2306,cvgaudio
2307,cybermass
2308,cyberpower
2309,cybex
2310,d-clinic
2311,d-link
2312,dab
2313,dabo
2314,dabur
2315,dada
2316,dadget
2317,daesung
2318,daewoo
2319,daewooelectronics
2320,dagee
2321,dageni
2322,dahatsu
2323,dahon
2324,dahua
2325,dainese
2326,daisy
2327,daiwa
2328,daiwerina
2329,dakar
2330,dalbello
2331,dalianhantaitradecoltd
2332,dam
2333,damask
2334,damixa
2335,damla
2336,damper
2337,danau
2338,daneildesch
2339,daniel
2340,danielklein
2341,danke
2342,danko-tojs
2343,dankotoys
2344,danone
2345,dara
2346,dardav
2347,darina
2348,darina-rus
2349,dariush
2350,darkproject
2351,darling
2352,dasch
2353,daughters-sonbaby
2354,dauscher
2355,davidoff
2356,davinci
2357,davita
2358,daye
2359,dayun
2360,dbpower
2361,dcshoes
2362,dda
2363,dds
2364,ddstyle
2365,deagostini
2366,deamia
2367,dearest
2368,decathlon
2369,decocode
2370,decola
2371,decool
2372,decora
2373,decoroom
2374,deepcool
2375,deeper
2376,deerma
2377,deestone
2378,defacto
2379,defalucy
2380,defender
2381,definitivetechnology
2382,defredesign
2383,dekart
2384,deko
2385,dekok
2386,delibri
2387,delimano
2388,delkor
2389,dell
2390,della
2391,dello
2392,delma
2393,delmax
2394,delo
2395,delonghi
2396,delphi
2397,delsey
2398,delsot
2399,delta
2400,deltalux
2401,delune
2402,delux
2403,deluxe
2404,demark
2405,demi
2406,demidovskijzavod
2407,demiray
2408,demix
2409,dendy
2410,denn
2411,denon
2412,denso
2413,denzel
2414,deonica
2415,deoproce
2416,depileve
2417,depo
2418,deppa
2419,derevaski
2420,dermacol
2421,derspur
2422,derwent
2423,desatoekorolevstvo
2424,descente
2425,desertykrasoty
2426,desigual
2427,destra
2428,deta
2429,detomaso
2430,deton
2431,deuter
2432,deutz
2433,devar
2434,devente
2435,devia
2436,deviser
2437,devos
2438,dewalt
2439,dexp
2440,dexx
2441,dfc
2442,dfz
2443,dgm
2444,dhz
2445,diadora
2446,diamant
2447,diamond
2448,diamondunion
2449,dibite
2450,dicarafur
2451,dickie
2452,dickietoys
2453,did
2454,didistyle
2455,diegom
2456,diesel
2457,digifriends
2458,digma
2459,dikhan
2460,dila
2461,dilis
2462,dimian
2463,dinamical
2464,dinastia
2465,dinner
2466,dinoland
2467,dinosaurplanet
2468,dinotoys
2469,diolex
2470,diolex-teco
2471,dion
2472,dior
2473,diptyque
2474,dirkje
2475,dirkjebabywear
2476,dirran
2477,discoverycar
2478,disney
2479,disneyprincess
2480,dispho
2481,distar
2482,dita
2483,ditreex
2484,diva
2485,divalux
2486,divan-kz
2487,divan.kz
2488,divinare
2489,divoom
2490,dizel
2491,dizzy
2492,dji
2493,dk
2494,dkny
2495,dla
2496,dlaudio
2497,dls
2498,dmichael
2499,dobraakniga
2500,dobroparov
2501,dobroprav
2502,dobrusskijfarforovyjzavod
2503,dobryna
2504,dockland
2505,doctors
2506,doda
2507,dodo
2508,doff
2509,dogrular
2510,dohany
2511,dolcegabbana
2512,dolcevita
2513,doliva
2514,dollytoy
2515,doloni
2516,dolpang
2517,domani-spa
2518,domasnijocag
2519,domcraft
2520,domenik
2521,domestos
2522,dometic
2523,domika
2524,dominant-print
2525,domini
2526,domovita
2527,domyos
2528,donfeel
2529,dongma
2530,donic
2531,donnavanna
2532,doogee
2533,doohan
2534,doona
2535,dopdrops
2536,doritos
2537,dormeo
2538,dornbracht
2539,doshhome
2540,dotemu
2541,doubleeagle
2542,doublefish
2543,dougez
2544,doui
2545,doupro
2546,dove
2547,dowontec
2548,dox
2549,dpo
2550,dr.alex
2551,dr.hoffman
2552,dr.jart
2553,dr.oetker
2554,dracco
2555,dragon-i
2556,dragonfly
2557,dragonpharma
2558,dragons
2559,drauda
2560,drbrowns
2561,drdolphin
2562,dreammachines
2563,dreamwave
2564,dreja
2565,dremel
2566,drfrei
2567,drgans
2568,drhedison
2569,drjart
2570,drop
2571,drsea
2572,drugoeizdatelstvo
2573,dsk
2574,dsland
2575,dsp
2576,dsppa
2577,dsquared
2578,dtedition
2579,dub
2580,ducray
2581,duir
2582,dulevskijfarfor
2583,dunavox
2584,dune
2585,dunhill
2586,dunlop
2587,dunu
2588,dunya
2589,duo
2590,durun
2591,duschy
2592,dvin
2593,dvirtex
2594,dvizenie
2595,dws
2596,dwt
2597,dxracer
2598,dyflon
2599,dymatize
2600,dynacord
2601,dynafit
2602,dynamic
2603,dynastar
2604,dyson
2605,dzhanelli
2606,e-blue
2607,e-twow
2608,ea
2609,eagle
2610,eago
2611,earson
2612,easycamp
2613,easygo
2614,easylink
2615,easywalker
2616,eaton
2617,ebath
2618,ebox
2619,ecco
2620,ecler
2621,eco
2622,ecobalance
2623,ecocool
2624,ecocraft
2625,ecoiffier
2626,ecolab
2627,ecolaboratorie
2628,ecolaboratory
2629,ecolatier
2630,ecolight
2631,ecoline
2632,ecologystone
2633,econair
2634,ecosoft
2635,ecoterm
2636,ecotex
2637,ecs
2638,edcon
2639,edelform
2640,edelman
2641,edelvejs
2642,edem
2643,eden
2644,edge
2645,edifier
2646,edon
2647,edox
2648,edu-play
2649,educa
2650,educo
2651,edufun
2652,efba
2653,effect
2654,efp
2655,efremov
2656,eger
2657,egg
2658,egger
2659,eglo
2660,egmont
2661,ego
2662,egoiste
2663,egp
2664,egreat
2665,ehome
2666,eichorn
2667,einhell
2668,ekel
2669,ekobike
2670,ekolit
2671,ekonomia
2672,ekotandyr
2673,ekpower
2674,ekskluziv
2675,eksmo
2676,elab
2677,elamina
2678,elan
2679,elanda
2680,elari
2681,elaud
2682,elbasco
2683,elco
2684,electro-voice
2685,electrolux
2686,electronicarts
2687,electronicsdeluxe
2688,elegant
2689,elegante
2690,elektrostandard
2691,element
2692,elena
2693,elenberg
2694,elf
2695,elica
2696,eliesaab
2697,elika
2698,elikor
2699,elite
2700,elitebohemia
2701,elitech
2702,elizavecca
2703,elkitorg
2704,elleci
2705,ellrona
2706,elna
2707,elp
2708,elpaza
2709,elpumps
2710,elskin
2711,elsyor
2712,eltempo
2713,eltex
2714,eltreco
2715,eltron
2716,elvin
2717,elysium
2718,emal
2719,emanuelungaro
2720,emar
2721,embawood
2722,embryolisse
2723,emco
2724,emer
2725,emil
2726,emiliopucci
2727,emily
2728,emoji
2729,empire
2730,emporioarmani
2731,ems
2732,emsa
2733,enchantimals
2734,endever
2735,eneos
2736,energenie
2737,energizer
2738,energolux
2739,energy
2740,energybody
2741,energybodysystems
2742,energysistem
2743,enermax
2744,engenius
2745,engino
2746,engy
2747,enkei
2748,enkor
2749,enlightenbrick
2750,enough
2751,envision
2752,enya
2753,eolaboratorie
2754,eos
2755,epic
2756,epicgear
2757,epiphone
2758,epnew
2759,epoch
2760,epr
2761,epson
2762,era
2763,erbis
2764,erdenet
2765,ergo
2766,ergobaby
2767,ergolux
2768,ergostand
2769,erichkrause
2770,erik
2771,erismann
2772,erisson
2773,erkaplan
2774,erlit
2775,ermila
2776,ersport
2777,esab
2778,escada
2779,escan
2780,escentricmolecules
2781,esi
2782,eskar
2783,esko
2784,esmeralda
2785,espiro
2786,esr
2787,essager
2788,esse
2789,essence
2790,esspero
2791,estap
2792,esteelauder
2793,estel
2794,estelprofessional
2795,esthetichouse
2796,estomoda
2797,estrade
2798,esun
2799,etalon
2800,etaltech
2801,etel
2802,eternalrose
2803,ethan
2804,etor
2805,etro
2806,etrusca
2807,etude
2808,etymotic
2809,eureka
2810,euroboor
2811,eurogold
2812,eurol
2813,eurolight
2814,eurolux
2815,europafurs
2816,europrint
2817,europusk
2818,euroracingwheels
2819,eurostek
2820,eurosvet
2821,eurotrading
2822,eva
2823,evamosaic
2824,eveline
2825,evelinecosmetics
2826,evenflo
2827,everest
2828,everflo
2829,everforce
2830,everlast
2831,everybot
2832,evga
2833,evgo
2834,evh
2835,eviza
2836,evo
2837,evrika
2838,evriki
2839,evrodetal
2840,ewa
2841,ewigstein
2842,ewt
2843,exclusive
2844,exide
2845,exnihilo
2846,exogini
2847,exost
2848,expoprint
2849,expression
2850,expromt
2851,exxtasy
2852,ezetil
2853,ezviz
2854,f-man
2855,f-power
2856,f-promo
2857,fa
2858,faans
2859,faber
2860,fabretti
2861,fabriano
2862,fabrikakarteks
2863,fabrikakomiksov
2864,fabrikamir
2865,fabrikaoblakov
2866,face
2867,fagor
2868,fairy
2869,fais
2870,falca
2871,falken
2872,falmec
2873,fame
2874,family
2875,familywood
2876,famosa
2877,fan
2878,fancier
2879,fancy
2880,fanline
2881,fant-mebel
2882,fanta
2883,fantasia
2884,fantastika
2885,fantom
2886,fantom-press
2887,fanzon
2888,farcar
2889,farinni
2890,farlajt
2891,farmavita
2892,farmstay
2893,faro
2894,faroro
2895,farroad
2896,fashion
2897,fashy
2898,fassen
2899,favorite
2900,favory
2901,favourite
2902,fcp
2903,fea
2904,febest
2905,febi
2906,federal
2907,feedback
2908,feile
2909,feilitoys
2910,felice
2911,felisatti
2912,felix
2913,femi
2914,fender
2915,fendi
2916,fengnix
2917,feniks
2918,fenix
2919,fenox
2920,ferbe
2921,feron
2922,ferrari
2923,ferre
2924,ferrino
2925,fest
2926,festina
2927,festool
2928,fibos
2929,ficopro
2930,fidan
2931,fiesta
2932,fiio
2933,fila
2934,filly
2935,filodoro
2936,finezza
2937,fini
2938,finish
2939,finland
2940,fiorenza
2941,fipar
2942,fireball
2943,fireboxnutrition
2944,firepower
2945,firestone
2946,firman
2947,first
2948,fischer
2949,fisher
2950,fisher-price
2951,fisherman
2952,fisherprice
2953,fiskars
2954,fissler
2955,fissman
2956,fit
2957,fit-rx
2958,fitaqua
2959,fitbit
2960,fitchbaby
2961,fitlux
2962,fitness
2963,fitnessbody
2964,fitnex
2965,fito
2966,fitokosmetik
2967,fitrider
2968,fitstart
2969,fitstudio
2970,fitwell
2971,five
2972,fivestars
2973,fixsen
2974,fizan
2975,flagman
2976,flama
2977,flambeau
2978,flashpoint
2979,flavia
2980,fleet
2981,fleetlutner
2982,fleuralpine
2983,flex
2984,flexter
2985,fli
2986,flicker
2987,flight
2988,floralis
2989,florencemode
2990,florentina
2991,floresan
2992,flormar
2993,flortek
2994,flushforce
2995,fly
2996,flybotic
2997,flystep
2998,fnixbebe
2999,focal
3000,focushomeinteractive
3001,focusrite
3002,fokos
3003,folia
3004,foliant
3005,foligain
3006,foman
3007,fondital
3008,fontaine
3009,foodmaster
3010,footwork
3011,force
3012,forcekraft
3013,forch
3014,forclaz
3015,ford
3016,foreman
3017,foreo
3018,forester
3019,forlux
3020,forminabanyo
3021,formula
3022,formulazdorova
3023,fornelli
3024,fornite
3025,forsage
3026,fortnite
3027,forward
3028,foryou
3029,forza
3030,fossil
3031,fostex
3032,fotomate
3033,foton
3034,fotorama
3035,fox
3036,foxconn
3037,foxx
3038,fracescodonni
3039,fractaldesign
3040,fragonard
3041,framesi
3042,francescodonni
3043,franckolivier
3044,franke
3045,fred
3046,freedom
3047,freefeet
3048,freelook
3049,freeway
3050,fresh
3051,freshfruit
3052,freya
3053,frima
3054,friskies
3055,frosch
3056,frostor
3057,frozen
3058,fruiting
3059,fsb
3060,fsd
3061,fsp
3062,fuatlev
3063,fubag
3064,fucoran
3065,fuel
3066,fujida
3067,fujifilm
3068,fundesk
3069,funkids
3070,funnyfood
3071,funred
3072,funtzio
3073,funville
3074,furreal
3075,furutech
3076,futbolnyjfanat
3077,futura
3078,future
3079,fxn
3080,g-case
3081,g-cube
3082,g-stone
3083,g.skill
3084,ga-de
3085,gabolparadise
3086,gabor
3087,gabriella
3088,gad
3089,gadkija
3090,gaga
3091,gaggia
3092,gaint
3093,gainward
3094,gaissina
3095,galacticos
3096,galantcosmetic
3097,galanz
3098,galaxy
3099,gallotti
3100,galobaby
3101,galtex
3102,gamdias
3103,gamemax
3104,gamerstorm
3105,gametrix
3106,gamma
3107,gammapiu
3108,garage
3109,garant
3110,garanterm
3111,gardena
3112,gardenia
3113,gardenlux
3114,garmin
3115,garnier
3116,garnizon
3117,garrett
3118,garvalin
3119,gaspari
3120,gauss
3121,gazpromneft
3122,geberit
3123,geburt
3124,gedore
3125,gefest
3126,gehwol
3127,geil
3128,geitaran
3129,gejzer
3130,gelflex
3131,gelsomino
3132,gembird
3133,gemei
3134,gemsy
3135,genau
3136,genebre
3137,generalelectric
3138,genesis
3139,geneticlab
3140,geneticlabnutrition
3141,genius
3142,genki
3143,genlog
3144,genny
3145,gentrycup
3146,geoffanderson
3147,gerat
3148,gerber
3149,gerbor
3150,gerdamix
3151,gerkulesgames
3152,geroivmaskah
3153,gesso
3154,gewa
3155,gezatone
3156,gf
3157,ghnfitness
3158,ghost
3159,gianelle
3160,giant
3161,gid-ceramic
3162,gigabyte
3163,gigawatt
3164,gigazone
3165,gigwi
3166,gillette
3167,gimi
3168,ginzza
3169,gionee
3170,giorgioarmani
3171,giornonotte
3172,gioseppo
3173,giotto
3174,giottos
3175,gipfel
3176,gislaved
3177,gislawed
3178,giti
3179,gitzo
3180,givenchy
3181,gk
3182,gkhair
3183,glade
3184,gladen
3185,gladiator
3186,glam-forever
3187,glamglow
3188,glamour
3189,glamvers
3190,glanzen
3191,glasman
3192,glimmeies
3193,glimmies
3194,glissade
3195,glo
3196,global
3197,globalkeratin
3198,globaltoys
3199,globber
3200,globex
3201,globo
3202,globus
3203,glory
3204,gloxy
3205,gmini
3206,gmslivgidromasao
3207,gnu
3208,go-sport
3209,goalzero
3210,godin
3211,godox
3212,gofit
3213,goform
3214,gold
3215,goldenconcept
3216,goldenlab
3217,goldenrose
3218,goldstar
3219,golf
3220,goliath
3221,gomel
3222,gomeldrev
3223,gonher
3224,goo.n
3225,goodbaby
3226,goodgrill
3227,goodhelper
3228,goodloot
3229,goodmax
3230,goodram
3231,goodride
3232,goodyear
3233,google
3234,goojitzu
3235,goon
3236,gopro
3237,gorenje
3238,gorilla
3239,gorizont
3240,gornica
3241,gosh
3242,gotway
3243,gourmet
3244,gpo
3245,gr
3246,gracecole
3247,gracia
3248,gracio
3249,graco
3250,graf
3251,graff
3252,graffiti
3253,graffitisound
3254,grafit
3255,gran-stone
3256,granat
3257,granchio
3258,grand
3259,grandeco
3260,grandm
3261,grandmanar
3262,grandstil
3263,grandvictory
3264,granfest
3265,granhel
3266,granicom
3267,granoro
3268,grans
3269,grante
3270,grape
3271,graphite
3272,graphiteleader
3273,grass
3274,grattant
3275,grattol
3276,graude
3277,gravas
3278,gree
3279,greenbank
3280,greenbike
3281,greenfield
3282,greenfort
3283,greengard
3284,greenhill
3285,greenland
3286,greenpan
3287,greenpro
3288,greentek
3289,greentree
3290,greentrees
3291,greenvill
3292,greenway
3293,greenwood
3294,greenworks
3295,greta
3296,gretsch
3297,greyder
3298,greys
3299,grifon
3300,grillver
3301,grinda
3302,gripmax
3303,grizzly
3304,grohe
3305,gross
3306,grossman
3307,groundzero
3308,grovana
3309,grow-with-me
3310,grownup
3311,grozz
3312,grundfos
3313,gs
3314,gskill
3315,gsr
3316,gssolid
3317,gt
3318,gt-radial
3319,gtec
3320,gtrwheel
3321,guangwei
3322,guardo
3323,gucci
3324,gudi
3325,guerisson
3326,guerlain
3327,guerlainlapetiterob
3328,guess
3329,gula
3330,guliver
3331,gulliver
3332,gumarnyzubri
3333,gungho
3334,gustavsberg
3335,gutrend
3336,guzzini
3337,gys
3338,habilead
3339,hachette
3340,hada
3341,hadaa
3342,hadarrosen
3343,haday
3344,haeger
3345,hagen
3346,haida
3347,haier
3348,hairdorables
3349,haken
3350,halei
3351,haley
3352,halmar
3353,hama
3354,hame
3355,hamilton
3356,hammer
3357,handers
3358,handwers
3359,hangover
3360,hangzhoujindingimportexportcoltd
3361,hankook
3362,hanlu
3363,hanma
3364,hannibal
3365,hanowa
3366,hansa
3367,hap-p-kid
3368,hape
3369,happybaby
3370,happyfamily
3371,happykid
3372,happykidtoy
3373,happymonkey
3374,happysnail
3375,hardax
3376,haribo
3377,harley-davidson
3378,harleybaby
3379,harmankardon
3380,haro
3381,harp
3382,harper
3383,harpercollins
3384,hartan
3385,harte
3386,hartung
3387,harvia
3388,hasbro
3389,hasbromylittlepony
3390,hatchimals
3391,hauck
3392,hauptstadtkoffer
3393,haushalt
3394,hausmann
3395,havit
3396,hayabusa
3397,hayali
3398,hayejin
3399,hb
3400,hde
3401,head
3402,headrush
3403,healbe
3404,hebeigrindingwheelfactory
3405,hec
3406,heco
3407,hedgehog
3408,heidelbergcement
3409,heinola
3410,heinz
3411,helfer
3412,helios
3413,helix
3414,hellion
3415,helloganic
3416,hellokitty
3417,hellomaggie
3418,helpfer
3419,helstons
3420,helvetia
3421,helvi
3422,henglei
3423,hera
3424,hercules
3425,heresis
3426,herlitz
3427,herman
3428,hermes
3429,hermle
3430,hertfordshirepress
3431,hertz
3432,hevea
3433,heyner
3434,hgl
3435,hgst
3436,hi-lift
3437,hi-q
3438,hibertek
3439,hifiman
3440,hifly
3441,higashi
3442,hightechway
3443,hijack
3444,hikma
3445,hikoki
3446,hikvision
3447,hilberd
3448,hilo
3449,hilti
3450,himalaya
3451,himalayaherbals
3452,hintek
3453,hiper
3454,hipp
3455,his
3456,hisar
3457,hisense
3458,hitachi
3459,hitechnic
3460,hitkniga
3461,hjc
3462,hkaudio
3463,hktyre
3464,hlebsol
3465,hobbi
3466,hobbyworld
3467,hobot
3468,hoco
3469,hohner
3470,hoka
3471,hola
3472,holatoys
3473,holder
3474,holicy
3475,holiday
3476,holikaholika
3477,hollicy
3478,homage
3479,homeart
3480,homeelement
3481,homelife
3482,homestar
3483,homs
3484,homy
3485,honda
3486,honhongvictorygroupltd
3487,honor
3488,hoover
3489,hope
3490,hori
3491,horizont
3492,hotmom
3493,hotner
3494,hotpoint-ariston
3495,hotpoint-aristonbuilt
3496,hottek
3497,hotwheels
3498,housefit
3499,household
3500,houseofseasons
3501,hp
3502,hpe
3503,hq
3504,hr
3505,hre
3506,htc
3507,hti
3508,htl
3509,htp
3510,htw
3511,huanger
3512,huawang
3513,huawei
3514,hubeiindustrialaimiletrading
3515,hubert
3516,hubsan
3517,hubster
3518,hudsonbaby
3519,huggies
3520,hugoboss
3521,huile
3522,huion
3523,humana
3524,humidifier
3525,hummer
3526,humminbird
3527,hunter
3528,huntkey
3529,huntsman
3530,huochu
3531,huppe
3532,hurakan
3533,hurom
3534,husky
3535,husqvarna
3536,huter
3537,hycell
3538,hygge
3539,hynix
3540,hyper
3541,hyperx
3542,hyun
3543,hyundai
3544,i-baby
3545,i-velo
3546,ibaby
3547,ibanez
3548,ibili
3549,ibiscus
3550,ibox
3551,icepeak
3552,icer
3553,iconbit
3554,icutes
3555,id-cooling
3556,idan
3557,iddis
3558,idea
3559,ideal
3560,ideallux
3561,idealspaten
3562,idillia
3563,idrobase
3564,iek
3565,ifree
3566,iglu
3567,igraemvmeste
3568,igrikizoo
3569,iittala
3570,iiyama
3571,ikea
3572,ikki
3573,ikkm
3574,ilash
3575,ildi
3576,ilife
3577,ilink
3578,illumico
3579,imattress
3580,imax
3581,imctoys
3582,imenza
3583,imetec
3584,imex
3585,imou
3586,impeks
3587,imperia
3588,imperial
3589,imperiameha
3590,impex
3591,imprelly
3592,imtoy
3593,imx
3594,incanto
3595,incar
3596,incase
3597,inci
3598,incipio
3599,indesit
3600,indiana
3601,indigo
3602,individuum
3603,individuumpablising
3604,individuumprint
3605,industria
3606,inebrya
3607,inex
3608,infanti
3609,infantino
3610,infinity
3611,infinitynado
3612,inflame
3613,info
3614,inforget
3615,ingersoll
3616,inglesina
3617,inhouse
3618,initioparfumsprives
3619,inkax
3620,inmotion
3621,innerarmour
3622,innisfree
3623,innovation
3624,inoi
3625,inostranka
3626,inseense
3627,insight
3628,insinse
3629,inspector
3630,inspiwood
3631,institutekonomiceskojpolitikiimenietgajdara
3632,instyle
3633,inswim
3634,intego
3635,intel
3636,inteli
3637,intellectico
3638,inter
3639,interbaget
3640,interlink
3641,internedoors
3642,interojo
3643,interos
3644,interskol
3645,intex
3646,intro
3647,invader
3648,invicta
3649,invictus
3650,invisible
3651,invotone
3652,inwin
3653,iope
3654,ipipoo
3655,iplay
3656,ipower
3657,iqmarketing
3658,iqos
3659,irbis
3660,irest
3661,irida
3662,irisk
3663,irit
3664,iriver
3665,irobot
3666,irontrue
3667,ismart
3668,isntree
3669,istarikomiks
3670,italcarciofi
3671,italianstage
3672,italmix
3673,italtrike
3674,itc
3675,itimat
3676,itlv
3677,iunik
3678,ivaru
3679,ivc
3680,ivolia
3681,ivt
3682,ivy
3683,iwalk
3684,izdatelskijdommeserakova
3685,izdatelstvoinstitutagajdara
3686,izdatelstvoivanalimbaha
3687,izdenpublishinghouse
3688,j.plus
3689,jabra
3690,jack
3691,jackall
3692,jackson
3693,jackwolfscin
3694,jackwolfskin
3695,jacobdelafon
3696,jacobs
3697,jacqueslemans
3698,jade
3699,jaguar
3700,jailinuo
3701,jakkspacific
3702,jamo
3703,jana
3704,janarat
3705,janesper
3706,janome
3707,japanparts
3708,jardin
3709,jarko
3710,jasic
3711,jasmine
3712,jata
3713,jawbone
3714,jazwares
3715,jb
3716,jbl
3717,jeep
3718,jeepwrangler
3719,jekod
3720,jellyfishjam
3721,jeneca
3722,jeremy
3723,jessnail
3724,jet
3725,jetair
3726,jetem
3727,jetpik
3728,jeunepremier
3729,jf
3730,jhiningmoment
3731,jiada
3732,jianuo
3733,jiaxingharleybabycar
3734,jigott
3735,jihlavabohemia
3736,jika
3737,jimcarrey
3738,jimmychoo
3739,jincostech
3740,jinga
3741,jinjianfeng
3742,jinkairui
3743,jinma
3744,jinyu
3745,jinyuan
3746,jio
3747,jiuling
3748,jjrc
3749,jkexer
3750,jl
3751,joby
3752,jocelyn
3753,jockey
3754,joe
3755,joerex
3756,johnnytheskull
3757,johnrichardo
3758,johnvarvatos
3759,joie
3760,joieanglia
3761,joker
3762,joko
3763,joma
3764,jomalone
3765,jonnesway
3766,joonies
3767,joop
3768,jordan
3769,josephjoseph
3770,jotta
3771,jovi
3772,joyor
3773,joyroad
3774,joyroom
3775,jrc
3776,jsq
3777,juanna
3778,juicy
3779,juki
3780,julbo
3781,julong
3782,jumper
3783,junama
3784,junglefieldtroop
3785,junior
3786,junte
3787,jupiter
3788,jura
3789,jurid
3790,justcavalli
3791,juteks
3792,juventa
3793,jvc
3794,k-lite
3795,k-power
3796,k-psport
3797,k-sport
3798,k-star
3799,k.k.y.
3800,kaabo
3801,kabrita
3802,kaceli
3803,kacper
3804,kaemingk
3805,kaemingkbv
3806,kafekrasoty
3807,kaier
3808,kaierda
3809,kaimana
3810,kainar
3811,kaisavilla
3812,kaiser
3813,kajsa
3814,kakadu
3815,kala
3816,kaldewei
3817,kale
3818,kaledomino
3819,kalemi
3820,kalenji
3821,kaleos
3822,kalibr
3823,kama
3824,kamado
3825,kambrook
3826,kamisafe
3827,kampfer
3828,kamskaaposuda
3829,kandf
3830,kangkang
3831,kanizea
3832,kanzler
3833,kapika
3834,kapital
3835,kapitoska
3836,kaplanser
3837,kapo
3838,kapous
3839,kapousprofessional
3840,kappa
3841,kapsen
3842,karadium
3843,karaja
3844,karapuz
3845,karat
3846,karavaevskaauf
3847,karcher
3848,karerapress
3849,kari
3850,karma
3851,karmababy
3852,karmen
3853,karna
3854,karo
3855,karosa
3856,karras
3857,kartal
3858,karya
3859,kashiyama
3860,kastamonu
3861,kasuga
3862,kativa
3863,katun
3864,kawai
3865,kawasaki
3866,kayser
3867,kazakparat
3868,kazbelmebel
3869,kazheritage
3870,kazmedaspap
3871,keddo
3872,keeeper
3873,keenetic
3874,keenway
3875,keeway
3876,kef
3877,kehan
3878,keitech
3879,kelet
3880,kelli
3881,kelly
3882,ken
3883,kenda
3884,keneksi
3885,kenko
3886,kenwell
3887,kenwood
3888,kenzo
3889,keramikarucnojraboty
3890,keramin
3891,kerastase
3892,kerasys
3893,keremet
3894,kessler
3895,keter
3896,kettler
3897,keuco
3898,keumkang
3899,keune
3900,kf
3901,kgb
3902,kgc
3903,khancomics
3904,khw
3905,ki
3906,kia
3907,kicker
3908,kicx
3909,kid-mag
3910,kiddieart
3911,kiddieland
3912,kiddy
3913,kidi
3914,kidkraft
3915,kidstar
3916,kidwick
3917,kidwood
3918,kidzconcept
3919,kiepe
3920,kikreplika
3921,kilemkhan
3922,kilemkhanmoonrise
3923,kilemkhanotto
3924,kilmat
3925,kinbox
3926,kinder
3927,kindesaltel
3928,kineticsand
3929,king
3930,kingleen
3931,kingmax
3932,kingmeda
3933,kingroy
3934,kingrun
3935,kingslong
3936,kingsong
3937,kingsotoys
3938,kingstar
3939,kingston
3940,kingtony
3941,kingtul
3942,kink
3943,kinklight
3944,kinlee
3945,kipardo
3946,kipling
3947,kipocket
3948,kipor
3949,kipsta
3950,kirkland
3951,kirovit
3952,kirovskaakeramika
3953,kisswill
3954,kitana
3955,kitap
3956,kitchen
3957,kitchenaid
3958,kite
3959,kitekat
3960,kitfort
3961,kitkat
3962,kiturami
3963,kivi
3964,kixx
3965,kk
3966,kladez
3967,klapp
3968,klavuu
3969,kleancolor
3970,klein
3971,klepach.pro
3972,klever
3973,klima
3974,klorane
3975,kloranebebe
3976,klx
3977,klymit
3978,kmk
3979,kmz
3980,knauf
3981,knief
3982,knopa
3983,kocostar
3984,kodak
3985,kodi
3986,koelf
3987,koffer
3988,kogaz
3989,kogito-centr
3990,kohala
3991,koito
3992,kokiri
3993,kolag
3994,kolibri
3995,kolner
3996,kolo
3997,kolpa
3998,kolpasan
3999,komar
4000,komc
4001,komfederacia
4002,komfort-s
4003,komicomo
4004,komilfo
4005,komitekslin
4006,kompasgid
4007,kompasgidid
4008,kona
4009,konami
4010,kong
4011,konig
4012,konlega
4013,konoos
4014,konov
4015,kontent
4016,kontinent
4017,koopman
4018,koowheel
4019,kora
4020,korda
4021,korg
4022,korin
4023,kormoran
4024,korpus
4025,korting
4026,korum
4027,kosadaka
4028,kose
4029,koseckamari
4030,koski-myski
4031,kosmos
4032,koss
4033,kotik
4034,koton
4035,kovea
4036,kovens
4037,kovi
4038,kovroff
4039,kpt
4040,kraftform
4041,kraftool
4042,kramer
4043,kranzle
4044,krasatoys
4045,krasnaaglina
4046,krasnaapresna
4047,kraton
4048,krause
4049,kreslocomfort
4050,kress
4051,kristal
4052,kristall-auto
4053,krk
4054,kroft
4055,kromax
4056,kron
4057,krona
4058,kronasteel
4059,kronopol
4060,kronospan
4061,kronostar
4062,kronotex
4063,kronwerk
4064,kroskaa
4065,kroskindom
4066,krosno
4067,krups
4068,kskids
4069,kstar
4070,kubanfarfor
4071,kuchendorf
4072,kuchenprofi
4073,kuckovopole
4074,kudu
4075,kugoo
4076,kuhar
4077,kukbuks
4078,kukmara
4079,kumano
4080,kumanodeve
4081,kumfo
4082,kumho
4083,kumtel
4084,kunlun
4085,kupajsaiigraj
4086,kuppersberg
4087,kuppersbusch
4088,kupu-kupu
4089,kuqidai
4090,kursiv
4091,kurzweil
4092,kuso
4093,kuttenkeuler
4094,kvant
4095,kx
4096,kyb
4097,kyocera
4098,l.locker
4099,la-di-da
4100,labiotte
4101,labirint
4102,labirintus
4103,labo
4104,laboratoriaznanij
4105,lacalut
4106,lacoste
4107,lactel
4108,lada
4109,ladaimage
4110,ladida
4111,ladin
4112,lador
4113,ladybug
4114,lagirl
4115,lahn
4116,lakesea
4117,lakme
4118,lalaku
4119,lalaloopsy
4120,lalique
4121,lamarkahome
4122,lamart
4123,lamborghini
4124,lamel
4125,lamelprofessional
4126,lamiglas
4127,lanard
4128,lancaster
4129,lancome
4130,landor
4131,landsail
4132,laneige
4133,lange
4134,lanikai
4135,lanvigator
4136,lanvin
4137,lapkin
4138,lapocka
4139,lara
4140,lari
4141,larktale
4142,laro
4143,laroche-posay
4144,larocheposay
4145,laromano
4146,larsen
4147,lart
4148,lashologist
4149,lasigras
4150,lassa
4151,lassie
4152,laston
4153,latinpercussion
4154,laudio
4155,laufen
4156,laumafabrics
4157,laurastar
4158,lauravalarosa
4159,lauravalorosa
4160,lava
4161,lavazza
4162,lavr
4163,lays
4164,lazso
4165,lbl
4166,lcf
4167,leadbros
4168,leader
4169,leaderkids
4170,leagoo
4171,lealelo
4172,leander
4173,leatherman
4174,leco
4175,ledavenue
4176,ledi
4177,leeblese
4178,leeco
4179,leecooper
4180,leefitness
4181,leem
4182,lefard
4183,legeartis
4184,legkiesny
4185,lego
4186,legrand
4187,legre
4188,leica
4189,leicos
4190,leicos-leiya
4191,leicosleiya
4192,leilieve
4193,leiya
4194,leki
4195,lel
4196,lelabo
4197,lele
4198,lem
4199,lemaks
4200,lemark
4201,lembu
4202,lemonadoff
4203,lenizdat
4204,lenor
4205,lenovo
4206,lenso
4207,lenta
4208,leo
4209,leoitig
4210,leonardo
4211,leonbergo
4212,leone
4213,leosco
4214,lepota
4215,leran
4216,leset
4217,lesozavod
4218,lesparfumsderosine
4219,lessar
4220,levante
4221,leven
4222,levenhuk
4223,levrana
4224,lewinner
4225,lex
4226,lexand
4227,lexmark
4228,lexus
4229,lexustrike
4230,lezard
4231,lg
4232,liapis
4233,libbey
4234,libero
4235,liberty
4236,libtech
4237,liby
4238,lider
4239,lidonet
4240,liebert
4241,liebherr
4242,lifedeco
4243,lifegear
4244,lifespan
4245,lifetrons
4246,light
4247,lightstar
4248,lihom
4249,likato
4250,likatoprofessional
4251,likebook
4252,lilipups
4253,lilo
4254,lilwoodzeez
4255,liman
4256,lina
4257,linda
4258,lindsay
4259,line
4260,lingua
4261,lioele
4262,lion
4263,lipsmacker
4264,lipton
4265,liquimoly
4266,lira
4267,lirene
4268,listvig
4269,lite-on
4270,littleangel
4271,littlelivepets
4272,littlestpetshop
4273,littletikes
4274,liujo
4275,liv
4276,livdelano
4277,livebook
4278,livio
4279,livnynasos
4280,llarri
4281,llocker
4282,llorens
4283,lm
4284,lnmprotech
4285,loca
4286,loctek
4287,loewe
4288,logitech
4289,logona
4290,logosfera
4291,lol
4292,lolsurprise
4293,lom
4294,lombok
4295,lomonosov
4296,londa
4297,lonex
4298,longines
4299,longstyle
4300,longway
4301,lorado
4302,lorain
4303,lord
4304,loreal
4305,lorealparis
4306,lorelli
4307,lorelli-bertoni
4308,lorellibolgaria
4309,lori
4310,loropiana
4311,lorus
4312,losk
4313,lostkitties
4314,lotos
4315,lotus
4316,louiserard
4317,lovecoil
4318,lovular
4319,lpr
4320,ls
4321,lsa
4322,ltd
4323,luazon
4324,luazonlighting
4325,luberckiekovry
4326,lubereckiekovry
4327,lubimyjdom
4328,lucalighting
4329,lucasfilm
4330,lucente
4331,lucentesilver
4332,luceregalo
4333,luciasvetlaa
4334,luckyjohn
4335,luistone
4336,lujun
4337,lukas
4338,lukoil
4339,lukojl
4340,lumax
4341,lumene
4342,luminarc
4343,lumion
4344,lumme
4345,luna
4346,lunecase
4347,lunkerhunt
4348,lunt
4349,luobeier
4350,luris
4351,lusio
4352,lusso
4353,lutian
4354,luvablefriends
4355,luvenafortuna
4356,lux
4357,lux-tools
4358,luxell
4359,luxeva
4360,luxking
4361,luxor
4362,luxury
4363,luxuryconcept
4364,luxvisage
4365,lykan
4366,lyly
4367,lysva
4368,lysvenskieemali
4369,m-audio
4370,m-city
4371,m-pets
4372,m-wave
4373,m.micallef
4374,m.n.y.
4375,maak
4376,maakavto
4377,maccoffee
4378,machaon
4379,machete
4380,machineboy
4381,mackie
4382,maclaren
4383,maclay
4384,mactea
4385,mad
4386,madamecoco
4387,madcat
4388,madguy
4389,madina
4390,madness
4391,mado
4392,madpax
4393,madshus
4394,maestro
4395,maff
4396,magaudio
4397,magellan
4398,magformers
4399,maggi
4400,magiazolota
4401,magic
4402,magicbeartoys
4403,magicblooms
4404,magicstones
4405,magictrack
4406,magistro
4407,magkijson
4408,magma
4409,magnat
4410,magneticbike
4411,magneticus
4412,magnetspel
4413,magnetta
4414,magniflex
4415,magnit
4416,magnitoj
4417,magnum
4418,magnus
4419,mahaon
4420,maidou
4421,maison
4422,maisonfranciskurkdjian
4423,maisto
4424,maja
4425,majescogames
4426,mak
4427,makarena
4428,make-upatelier
4429,makeblock
4430,makers
4431,makerstreet
4432,makfa
4433,makita
4434,makstton
4435,malamalama
4436,malitelle
4437,malka-zmalka
4438,mallony
4439,maltex
4440,malushen
4441,malva
4442,malvacosmetics
4443,malys
4444,mam
4445,mamadoma
4446,mamako
4447,mamalove
4448,maman
4449,mamaspapas
4450,mammie
4451,mammut
4452,mamut
4453,manacas
4454,manaus
4455,mancera
4456,manfrotto
4457,mangokids
4458,manhattan
4459,manke
4460,mann-filter
4461,mannivanoviferber
4462,mantra
4463,manuelrodriguez
4464,manuoki
4465,manuscript
4466,manzari
4467,maomaoku
4468,maono
4469,mapei
4470,mapex
4471,marantz
4472,marathon
4473,marcella
4474,marcher
4475,marching
4476,marcjacobs
4477,marcomen
4478,marcomenti
4479,marcotozzi
4480,marcotozzipremio
4481,mariaiskusnica
4482,marianplast
4483,maribel
4484,marimex
4485,marinelle
4486,mario
4487,mark
4488,markbass
4489,markell
4490,marker
4491,market
4492,markjacobs
4493,marko
4494,markwins
4495,marley
4496,marmiton
4497,marmorin
4498,mars
4499,marseille
4500,marshal
4501,marshall
4502,mart
4503,marta
4504,martinex
4505,martinez
4506,martinromas
4507,maruemsta
4508,maruishi
4509,marusa
4510,marvel
4511,masaimedved
4512,masei
4513,maserati
4514,masi
4515,masima
4516,massagie
4517,masseffect
4518,masstige
4519,masstone
4520,mastela
4521,master
4522,masterbrilliant
4523,mastercraft
4524,masterfish
4525,masteriq
4526,masters
4527,masteryard
4528,mastino
4529,mastrad
4530,masuma
4531,matador
4532,matebo
4533,matel
4534,materasso
4535,mateus
4536,matex
4537,matrix
4538,matrol
4539,mattel
4540,mattini
4541,mattnawill
4542,mauboussin
4543,maunfeld
4544,mauricelacroix
4545,maverick
4546,mavic
4547,max
4548,max-pro
4549,maxcare
4550,maxchristmas
4551,maxcity
4552,maxcolor
4553,maxfactor
4554,maxgoodz
4555,maxi
4556,maxi-cosi
4557,maxima
4558,maximumpowernutrition
4559,maxion
4560,maxiscoo
4561,maxler
4562,maxmara
4563,maxpro
4564,maxtone
4565,maxtrek
4566,maxvi
4567,maxwell
4568,maxxis
4569,maxxpro
4570,maybelline
4571,maybellinenewyork
4572,maysternya
4573,maysun
4574,maytag
4575,maytoni
4576,mazzini
4577,mbs
4578,mc
4579,mccan
4580,mcculloch
4581,mcfr
4582,mdlab
4583,mdv
4584,meade
4585,meanlove
4586,measy
4587,mebberi
4588,mebbery
4589,mebbery.kz
4590,mebberykz
4591,mebelazii
4592,mebelcon
4593,mebelev
4594,mebelgrad
4595,mebelloft
4596,mebels
4597,mebelservice
4598,mebelson
4599,mebelswow-rn
4600,mebelux
4601,meccano
4602,mecta
4603,medalist
4604,medela
4605,medeli
4606,medi
4607,medi-peel
4608,medialive
4609,mediheal
4610,medisana
4611,medtextile
4612,medvedko
4613,mefferts
4614,mefro
4615,megabass
4616,megabloks
4617,megami
4618,megasaurs
4619,meguin
4620,mehovojsalonledi
4621,mei-cha
4622,meike
4623,meinl
4624,meirende
4625,meister
4626,meizer
4627,meizu
4628,mekkan
4629,meliconi
4630,melidadi
4631,melissadoug
4632,melitta
4633,mello
4634,melobo
4635,melomanpublishing
4636,memo
4637,mengbadi
4638,mentor
4639,merach
4640,mercana
4641,mercedes
4642,mercedes-benz
4643,mercedesbenz
4644,merci
4645,mercury
4646,mercusys
4647,merealni
4648,merejbaspasy
4649,merelani
4650,merida
4651,merkurij
4652,merlin
4653,merol
4654,merrell
4655,merries
4656,merry
4657,merrylock
4658,mers
4659,mersco
4660,mersedes-benz
4661,merzuka
4662,messer
4663,metabo
4664,metalac
4665,metalions
4666,metallicgear
4667,method
4668,metoo
4669,metoyou
4670,metrot
4671,metsui
4672,metzeler
4673,mexx
4674,meyle
4675,meze
4676,mezizdat
4677,mfmaster
4678,mgaentertainment
4679,mgaintertainment
4680,mgp
4681,mhp
4682,mi-mi-miski
4683,mibb
4684,mica
4685,micallef
4686,michaelkors
4687,michelin
4688,micio
4689,micmax
4690,micoe
4691,micro
4692,microfire
4693,microids
4694,microlab
4695,micromax
4696,micron
4697,microsoft
4698,microsoftxboxone
4699,microtech
4700,micuna
4701,midea
4702,mideer
4703,mido
4704,midori
4705,midou
4706,midwest
4707,midzumi
4708,miele
4709,miescarpe
4710,mif
4711,mifold
4712,mig
4713,miif
4714,mijia
4715,mikasa
4716,mikma
4717,mikrotik
4718,milagrosa
4719,milan
4720,milanicosmetics
4721,milano
4722,milardo
4723,milat
4724,milavitsa
4725,milawaukee
4726,milight
4727,military
4728,milk
4729,milka
4730,millenium
4731,millet
4732,millionaire
4733,milwaukee
4734,mima
4735,mimioriki
4736,minecraft
4737,minelab
4738,minerva
4739,miniland
4740,minimen
4741,minimi
4742,minimotors
4743,miniso
4744,minizone
4745,minno
4746,minony
4747,minoti
4748,mintex
4749,mio
4750,miolla
4751,miomi
4752,mioshi
4753,mipow
4754,mir
4755,miracase
4756,miracle
4757,miracletrees
4758,miraculous
4759,mirage
4760,mirax
4761,mirdetskihplosadok
4762,mirex
4763,mirfantastiki
4764,mirinda
4765,mirodel
4766,miromaks
4767,miromax
4768,mirra
4769,misfit
4770,missha
4771,missoni
4772,misstais
4773,misty
4774,mitas
4775,mitasu
4776,mitre
4777,mitsuji
4778,mitte
4779,miumiu
4780,miwen
4781,mizon
4782,mizuno
4783,mjx
4784,mkb
4785,mltl
4786,mmicallef
4787,mo.wa
4788,mobi
4789,mobil
4790,mocco
4791,mochtoys
4792,modern
4793,mof
4794,moira
4795,mojangelok
4796,mojdodyr
4797,mojmalys
4798,mokkfi
4799,moldabela
4800,moleskine
4801,molfix
4802,moliabal
4803,molly
4804,molnia
4805,molodaagvardia
4806,molodecnomebel
4807,molten
4808,molto
4809,momentum
4810,momert
4811,momi
4812,momo
4813,monami
4814,monchhichi
4815,monge
4816,mongoose
4817,monis
4818,monisstil
4819,monitoraudio
4820,monix
4821,monkey
4822,monro
4823,monsher
4824,monsoon
4825,monster
4826,monsterjam
4827,montale
4828,montblanc
4829,moo
4830,moon
4831,moongmbh
4832,moony
4833,moonybaby
4834,moose
4835,moosetoys
4836,moov
4837,mooveandfun
4838,mopeksbel
4839,mora
4840,morakniv
4841,morel
4842,morita
4843,moroshka
4844,morphyrichards
4845,moschino
4846,mosconi
4847,moser
4848,moshi
4849,mossani
4850,mostykultury
4851,motivyotdyha
4852,motogp
4853,motorcraft
4854,motorguide
4855,motorola
4856,motul
4857,moulinex
4858,moulinvilla
4859,mountainbuggy
4860,mowa
4861,moxom
4862,mozaika-sintez
4863,mozer
4864,mozgamebel
4865,mr.alex
4866,mr.fresh
4867,mr.fun
4868,mr.pixel
4869,mrm-power
4870,ms
4871,msb
4872,msi
4873,mstar
4874,mtec
4875,mth
4876,mtrend
4877,mtx
4878,muimui
4879,mujjo
4880,multigo
4881,multipower
4882,munchkin
4883,muqaba
4884,muqajankz
4885,murager
4886,muravej
4887,murcia
4888,murella
4889,murena
4890,murkel
4891,musclemeds
4892,musclepharm
4893,muscletech
4894,musicroom
4895,must
4896,mustang
4897,mustela
4898,mustella
4899,musun
4900,mutant
4901,mutlu
4902,mutsy
4903,muza
4904,mw-light
4905,mydean
4906,mykita
4907,mykronoz
4908,mylittieworld
4909,mylittlepony
4910,myprotein
4911,mystar
4912,mystery
4913,mytol
4914,mz
4915,nabaiji
4916,nacon
4917,nada
4918,nadoba
4919,nady
4920,nagano
4921,nakamichi
4922,namazu
4923,nanga
4924,nania
4925,nannic
4926,nanoleaf
4927,nanotex
4928,nanrobot
4929,naomi
4930,napoleon
4931,naranda
4932,narcisorodriguez
4933,nardi
4934,narodnyerecepty
4935,narva
4936,nasbro
4937,nascitaprofessional
4938,nashville
4939,nasomatto
4940,nathan
4941,nationalbusiness
4942,native
4943,natrol
4944,natur
4945,naturakamchatka
4946,naturalist
4947,naturasiberica
4948,natureby
4949,naturehike
4950,naturella
4951,naturepan
4952,naturerepublic
4953,naughtydog
4954,navi-box
4955,navien
4956,navigator
4957,navitel
4958,nazadkistokam
4959,nbnorthbayou
4960,nec
4961,neff
4962,neilpryde
4963,nella
4964,nellaotvaznaaprincessa
4965,neman
4966,neo
4967,neobio
4968,neoclassic
4969,neocoregames
4970,neoline
4971,neposeda
4972,neptun
4973,nereus
4974,nerf
4975,nero
4976,nescafe
4977,neskucnyeigry
4978,nesquik
4979,nest
4980,nestle
4981,nestogen
4982,netechnics
4983,netgear
4984,netis
4985,neumann
4986,neva
4987,neva-taft
4988,newbright
4989,newco
4990,newport
4991,newsuntoys
4992,nexen
4993,nexpero
4994,next
4995,nexttab
4996,nexttool
4997,nexxt
4998,ngk
4999,nibk
5000,nicalis
5001,nicecooker
5002,niche
5003,nici
5004,nickelodeon
5005,nicol
5006,niio
5007,nik
5008,nika
5009,nikai
5010,nikakids
5011,nikanplus
5012,nike
5013,nikon
5014,nikotex
5015,nikstory
5016,nikzad
5017,nillkin
5018,ninaricci
5019,ninebot
5020,ningbo
5021,nintendo
5022,nioxin
5023,nip
5024,nirmal
5025,nishane
5026,nissan
5027,nissin
5028,nitecore
5029,nitro
5030,nitto
5031,nivea
5032,nix
5033,nixx
5034,nizegorodskaaigruska
5035,niznekamsksina
5036,nmp
5037,nobby
5038,nobleroyale
5039,nobu
5040,nocnezna
5041,noctua
5042,nodor
5043,nokia
5044,nokian
5045,noktamakro
5046,nomad
5047,nomi
5048,noname
5049,noopies
5050,noordi
5051,noppies
5052,noppiesbaby
5053,nord
5054,nordberg
5055,nordic
5056,nordica
5057,nordictrack
5058,nordland
5059,nordway
5060,norfin
5061,norman
5062,normann
5063,norplast
5064,nortec
5065,northcoast
5066,noryalli
5067,notbad
5068,note
5069,nova
5070,novaavysota
5071,novabright
5072,novasweet
5073,novatex
5074,novatrack
5075,novigo
5076,novline
5077,novoeizdatelstvo
5078,novotech
5079,novoteks
5080,now
5081,nowodvorski
5082,nowystyl
5083,nubia
5084,nuforce
5085,nuk
5086,numark
5087,nuna
5088,nuo
5089,nuova
5090,nuovabattipav
5091,nuovita
5092,nur
5093,nurpress
5094,nutella
5095,nutrend
5096,nutrex
5097,nutribullet
5098,nutricia
5099,nutrilak
5100,nutrilon
5101,nux
5102,nuxe
5103,nvidia
5104,nvp
5105,nvprint
5106,nyce
5107,nyne
5108,nyx
5109,nyxprofessiona
5110,nz
5111,nzxt
5112,oase
5113,oasis
5114,obey
5115,obi
5116,obsessive
5117,ocag
5118,ockel
5119,ocz
5120,odeonlight
5121,odri
5122,oeego
5123,oem
5124,ogiz
5125,ogreen
5126,ohoha
5127,ohui
5128,oitez
5129,okalan
5130,oklick
5131,okuma
5132,ol-tex
5133,oladi
5134,oleo-mac
5135,oley
5136,olimp
5137,olimp-biznes
5138,olimpic
5139,oliva
5140,olivella
5141,olivia
5142,oliviabambino
5143,ollin
5144,olmeko
5145,olmio
5146,olsa
5147,olss
5148,olto
5149,olympia
5150,olympus
5151,oma
5152,omabelle
5153,omax
5154,ombra
5155,omero
5156,omnilux
5157,omnimount
5158,omnio
5159,omoikiri
5160,omron
5161,omsa
5162,on
5163,onanoff
5164,one
5165,oneill
5166,onenail
5167,oneplus
5168,onetrak
5169,onhillsport
5170,onix
5171,onkron
5172,onlitop
5173,ontario
5174,ooba
5175,oonies
5176,ooops
5177,opadiris
5178,opple
5179,oppo
5180,optima
5181,optimal
5182,optimeal
5183,optimum
5184,optimumnutrition
5185,optimus
5186,optiplus
5187,optoma
5188,orabel
5189,oral-b
5190,oral_b
5191,oralcare
5192,orange
5193,orangedaily
5194,orangekids
5195,orangetoys
5196,orbit
5197,orbotix
5198,orchestra
5199,oregon
5200,organickitchen
5201,organicshop
5202,organiczone
5203,oribel
5204,orico
5205,orient
5206,origami
5207,original
5208,originalam.net
5209,originalamnet
5210,originalfittools
5211,origins
5212,orijen
5213,orimag
5214,orion
5215,oris
5216,orium
5217,orivel
5218,orjade
5219,orla
5220,orliman
5221,orly
5222,ormatek
5223,ornamy
5224,oros
5225,ortega
5226,orto-bed
5227,ortopazl
5228,os
5229,osann
5230,oscardelarenta
5231,osgona
5232,osman
5233,osminozka
5234,osprey
5235,osram
5236,ostamebel
5237,oster
5238,otan
5239,otani
5240,otex
5241,otherocean
5242,ottozimmermann
5243,ouaps
5244,oukitel
5245,oumile
5246,ourgeneration
5247,oursson
5248,oute
5249,outshock
5250,outventure
5251,outwell
5252,ovation
5253,overman
5254,ovevo
5255,ovk
5256,owner
5257,oxelo
5258,oxford
5259,oxygen
5260,oxygenbotanicals
5261,oystercosmetics
5262,ozkaplan
5263,ozobot
5264,p.i.t.
5265,paa
5266,pablosky
5267,packing
5268,pagid
5269,pago
5270,paint
5271,paiste
5272,pajak
5273,pajaro
5274,palars
5275,palette
5276,pali
5277,palisad
5278,palit
5279,palitra
5280,palmbaby
5281,palmers
5282,palmolive
5283,palms
5284,palplay
5285,pampers
5286,panasonic
5287,pandect
5288,pandora
5289,pangao
5290,panier
5291,panolino
5292,panouge
5293,pantera
5294,pantum
5295,papakarlo
5296,papilla
5297,papitto
5298,parachute
5299,paradiso
5300,parafar
5301,parallelkomiks
5302,paremo
5303,parfumsdemarly
5304,parkcity
5305,parklon
5306,parkmaster
5307,parkwood
5308,parodontax
5309,parrot
5310,partner
5311,partypopteenies
5312,parus
5313,pasabahce
5314,paso
5315,pastel
5316,paton
5317,patrino
5318,patriot
5319,patriotmemory
5320,patrizia
5321,patrol
5322,patron
5323,patyjrim
5324,paula
5325,paulbranco
5326,paulmann
5327,pavlina
5328,pavlinka
5329,pawpatrol
5330,paws
5331,payot
5332,pccooler
5333,pdw
5334,peak
5335,pearl
5336,pearson
5337,peavey
5338,pebble
5339,peda
5340,pediasure
5341,pedigree
5342,pedrollo
5343,peg-perego
5344,pegperego
5345,pelengas
5346,pelliot
5347,penn
5348,pennsula
5349,penny
5350,penrui
5351,pensofal
5352,pentart
5353,pentax
5354,pentel
5355,peppapig
5356,pepsi
5357,pequetren
5358,perilla
5359,perina
5360,perlina
5361,permanence
5362,perrier
5363,persil
5364,persona
5365,personna
5366,peru
5367,peruzzo
5368,pervenec
5369,perwoll
5370,petek
5371,peterhof
5372,petitcollin
5373,petitfee
5374,petmate
5375,petro-canada
5376,phanteks
5377,phantom
5378,philandteds
5379,philippus
5380,philips
5381,phillips
5382,phoenix
5383,phyto
5384,pi-pi-bent
5385,piatnik
5386,picard
5387,piccasso
5388,picks
5389,pico
5390,picooc
5391,pierrelannier
5392,pierrericaud
5393,pigeon
5394,pika
5395,pikate
5396,pilenga
5397,pilsan
5398,pinarello
5399,pinax
5400,pinghudakebabycarrier
5401,pinskdrev
5402,pinti
5403,pintinox
5404,pinus
5405,pioneer
5406,pirelli
5407,pirs
5408,pisen
5409,pit
5410,piter-trejd
5411,pitsco
5412,pituso
5413,pixel
5414,pixelone
5415,pixiebelles
5416,pjmaks
5417,pjmasks
5418,plamers
5419,plane
5420,planet
5421,planetaorganica
5422,plano
5423,plantex
5424,plantronics
5425,plasmatec
5426,plastik
5427,plastiska
5428,plastteam
5429,play-doh
5430,playdoh
5431,playgo
5432,playgro
5433,playhut
5434,playlab
5435,playland
5436,playmates
5437,playme
5438,playmobil
5439,playskool
5440,playway
5441,plextor
5442,plitex
5443,plusplus
5444,pnb
5445,pny
5446,pocketbook
5447,podravka
5448,poholy
5449,polar
5450,polarb
5451,polaris
5452,polarnyjkrug
5453,polaroid
5454,polarring
5455,polese
5456,polesie
5457,poli
5458,police
5459,poligrafkombinat
5460,polimerbyt
5461,polini
5462,polirobocar
5463,polisad
5464,polistil
5465,polkaudio
5466,polo
5467,polti
5468,ponalino
5469,pongori
5470,poopeez
5471,poopsie
5472,popcornbooks
5473,popov
5474,poppops
5475,poppuri
5476,popurri
5477,porsche
5478,portal
5479,portcase
5480,portdesigns
5481,potato
5482,potatohead
5483,potentate
5484,powcan
5485,powercolor
5486,powerconstruction
5487,powerman
5488,powerplant
5489,powerrangers
5490,powertec
5491,powertrac
5492,pozis
5493,pqi
5494,prada
5495,prajm-evroznak
5496,praktik
5497,prc
5498,preciosa
5499,prego
5500,premier
5501,premierfit
5502,premiorri
5503,premium
5504,premiumbaby
5505,premont
5506,president
5507,presonus
5508,prestige
5509,prestigepro
5510,prestigio
5511,prestiz
5512,preston
5513,pretext
5514,pride
5515,pril
5516,primanova
5517,prime
5518,primefitness
5519,primi
5520,princessa
5521,princessemarinadebourbon
5522,princetontec
5523,pringles
5524,prinsia
5525,printhousegerona
5526,privia
5527,prizrak
5528,pro-ject
5529,pro-karaoke
5530,proaction
5531,proel
5532,prof-press
5533,proff
5534,proffcarbon
5535,profiko
5536,profline
5537,profteplo
5538,progress
5539,prolike
5540,prologic
5541,prology
5542,proma
5543,promate
5544,promini
5545,promountain
5546,promozer
5547,pronto
5548,prorab
5549,prosalonprofessional
5550,proskit
5551,prosperplast
5552,proteus
5553,protherm
5554,provans
5555,provence
5556,provoc
5557,proxima
5558,proxxon
5559,psyonix
5560,pt-group
5561,pubg
5562,puckator
5563,pufas
5564,puff
5565,puffo
5566,pulser
5567,puma
5568,punkyklan
5569,punto
5570,pupa
5571,pure
5572,purederm
5573,puridea
5574,purina
5575,purox
5576,puzzles
5577,pyrex
5578,qarqus
5579,qazaqkhan
5580,qazprotein
5581,qcyber
5582,qiangchi
5583,qitech
5584,qixels
5585,qiyitoys
5586,qmax
5587,qml
5588,qnap
5589,qnt
5590,qp
5591,qplay
5592,qq
5593,quantex
5594,quatro
5595,quattrocomforto
5596,quechua
5597,queenfair
5598,queensbee
5599,quiksilver
5600,quinny
5601,quinshi
5602,qvs
5603,r-senda
5604,r.empire
5605,racer
5606,raceready
5607,raco
5608,radaway
5609,radian
5610,radiant
5611,rado
5612,raduga
5613,radugapaint
5614,raffer
5615,ragolle
5616,raidmax
5617,raido
5618,railking
5619,rainbo
5620,rainbow
5621,rainbowdance
5622,rainstahl
5623,rajton
5624,ralfringer
5625,ralphlauren
5626,rals
5627,ramili
5628,ramilibaby
5629,rand
5630,ranok-creative
5631,rant
5632,rapala
5633,rapid
5634,rapoo
5635,rare
5636,rasch
5637,rastar
5638,ravak
5639,raval
5640,raveltex
5641,ravenol
5642,ravensburger
5643,raxer
5644,ray-ban
5645,raymondweil
5646,raytheonphantom
5647,razer
5648,razor
5649,rcf
5650,rcr
5651,rdx
5652,reach
5653,realflame
5654,realme
5655,rebellion
5656,rebus
5657,recaro
5658,recci
5659,receptybabuskiagafi
5660,redblu
5661,redbo
5662,redcastle
5663,redford
5664,redforest
5665,redken
5666,redline
5667,redmond
5668,redoblu
5669,redpower
5670,redragon
5671,reebok
5672,reelsonar
5673,reer
5674,reergmbh
5675,regalacademy
5676,regatta
5677,regent
5678,regentinox
5679,reima
5680,reimar
5681,reinvox
5682,relaks
5683,relaxivet
5684,relouis
5685,reluce
5686,reluse
5687,remain
5688,remax
5689,rembrandt
5690,remeco
5691,remer
5692,remeza
5693,remington
5694,remix
5695,remo
5696,remokolor
5697,remonte
5698,rempire
5699,remsa
5700,renberg
5701,renegade
5702,renova
5703,renovator
5704,repetto
5705,replay
5706,replica
5707,replicaconcept
5708,resanta
5709,reshin
5710,respect
5711,restar
5712,restime
5713,restorannyevedomosti
5714,retro
5715,retrosuperfuture
5716,rev
5717,revery
5718,revit
5719,revlon
5720,revolution
5721,revuele
5722,revyline
5723,rexco
5724,rexona
5725,rextor
5726,rezult
5727,rhapsody
5728,rheinberger
5729,rhombus
5730,rhythm
5731,rial
5732,ricco
5733,rich
5734,riche
5735,ricoh
5736,ridata
5737,ride
5738,ridian
5739,rieker
5740,riello
5741,riga
5742,rihanna
5743,rika
5744,riken
5745,riko
5746,riks
5747,rimax
5748,riminibosco
5749,riminiflash
5750,rimmel
5751,rimmellondon
5752,rinascimento
5753,rinax
5754,ringway
5755,rinnai
5756,rino
5757,riofiore
5758,ripol
5759,rise
5760,risoli
5761,ristanskaakeramika
5762,risujsvetom
5763,ritmix
5764,rituals
5765,rivacase
5766,rivakoch
5767,rival
5768,rivalli
5769,rivertoys
5770,riviera
5771,rizmo
5772,rline
5773,rm
5774,rnk
5775,roadcruza
5776,roadhouse
5777,roadmarch
5778,roadstone
5779,roadwing
5780,roadx
5781,roamer
5782,robens
5783,robertobravo
5784,robertocavalli
5785,robins
5786,roblox
5787,robobloq
5788,robobuilder
5789,robocarpoli
5790,roborobo
5791,roborock
5792,robotime
5793,robotis
5794,roca
5795,roces
5796,rochas
5797,rock
5798,rockdale
5799,rockforce
5800,rockmybaby
5801,rocknail
5802,rockrider
5803,rockstargames
5804,rocktape
5805,rodaco
5806,rode
5807,rodi
5808,roeyuta
5809,rogervandenberghenv
5810,roingto
5811,roison
5812,roja
5813,rokids
5814,roland
5815,rolife
5816,romack
5817,romana
5818,romanson
5819,romax
5820,rombica
5821,romer
5822,romoss
5823,ronas
5824,roncato
5825,rondell
5826,rongta
5827,rongtai
5828,ronthompson
5829,roobo
5830,rooman
5831,root
5832,rosa
5833,rosato
5834,rosava
5835,rosdot
5836,rosenberg
5837,rosetta
5838,roshen
5839,rosio
5840,rosmen
5841,rossava
5842,rossia
5843,rossiaavtorobot
5844,rossignol
5845,rossinka
5846,rossplast
5847,rostok-mebel
5848,rotiform
5849,rotor
5850,rotorazer
5851,rouzbad
5852,rovigo
5853,rovus
5854,rowell
5855,rowenta
5856,roxar
5857,roxin
5858,roxy
5859,roxykids
5860,royal
5861,royalblack
5862,royallondon
5863,rozenbal
5864,rpikduir
5865,rsp
5866,rubelli
5867,rubetek
5868,rubies
5869,rubiks
5870,rubineta
5871,rucelf
5872,ruike
5873,ruiter
5874,ruixinlang
5875,rukka
5876,runail
5877,runwin
5878,rusgoldart
5879,rush
5880,russia
5881,rustyrivets
5882,ruvill
5883,rw
5884,ryobi
5885,ryor
5886,ryzijkot
5887,rzr
5888,s-oil
5889,s.a.n.
5890,s.oliver
5891,saachi
5892,sabi
5893,sabian
5894,sabiland
5895,sabyrzhanayrin
5896,sachiko
5897,sachs
5898,sacvoyage
5899,sades
5900,saeshin
5901,safecess
5902,safeholder
5903,saferich
5904,sailing
5905,sailun
5906,saipo
5907,saks
5908,saksi
5909,sakura
5910,salamander
5911,salewa
5912,sallyhansen
5913,salmo
5914,salomon
5915,salvador
5916,salvatoreferragamo
5917,salvimar
5918,salvinelli
5919,samal
5920,samga
5921,samick
5922,samo
5923,samonite
5924,samson
5925,samsonite
5926,samsung
5927,samy
5928,samyang
5929,san
5930,sanathali
5931,sanc
5932,sandalye
5933,sandisk
5934,sanfor
5935,saniano
5936,sanicat
5937,sanita
5938,sanitaluxe
5939,sanitas
5940,sanjia
5941,sankeiroki
5942,sano
5943,sanosan
5944,sanovit
5945,santa-cruz
5946,santacruz
5947,santak
5948,sante
5949,santehprom
5950,santek
5951,santeri
5952,santoku
5953,santoro
5954,sapphire
5955,sapsula
5956,sarabella
5957,sardes
5958,sargan
5959,sariel
5960,sarmat
5961,sassy
5962,sasta
5963,sat
5964,satagood
5965,satura
5966,saturn
5967,saucony
5968,sauflon
5969,sava
5970,savagegear
5971,savic
5972,sbs
5973,sbw
5974,scan
5975,scandinaviafurs
5976,scarlett
5977,scentos
5978,schardt
5979,schaublorenz
5980,schauma
5981,schecter
5982,scher-khan
5983,schleich
5984,schneider
5985,schreuder
5986,schreuders
5987,schwartz
5988,schwarzkopf
5989,schwinn
5990,scierra
5991,scinic
5992,scivation
5993,scool
5994,scoole
5995,scooter
5996,scorpena
5997,scorpion
5998,scott
5999,scovo
6000,scoyco
6001,screecherswild
6002,scruff-a-luvs
6003,scythe
6004,sdt
6005,sea-doo
6006,seagate
6007,seakoo
6008,sealy
6009,seanovo
6010,seasonic
6011,sebamed
6012,sebile
6013,secretgourmet
6014,secretkey
6015,sede
6016,seealt
6017,seed
6018,sega
6019,segotep
6020,segura
6021,segway
6022,seicane
6023,seiko
6024,seintex
6025,sekiguchi
6026,selby
6027,select
6028,selective
6029,selectiveprofessional
6030,selena
6031,seletti
6032,seliko
6033,selma
6034,selpak
6035,senacijpatrul
6036,senci
6037,senco
6038,sencor
6039,sennheiser
6040,sensen
6041,sensis
6042,sensodyne
6043,senspa
6044,serax
6045,serebro
6046,serebroff
6047,sergiorossi
6048,sergiotacchini
6049,sess
6050,sevenfriday
6051,seventeen
6052,seventeenkids
6053,sevillia
6054,sgary
6055,shagovita
6056,shahintex
6057,shahirani
6058,shaik
6059,shakira
6060,shamsi-irani
6061,shangpree
6062,shantou
6063,shantougepai
6064,shark
6065,sharking
6066,sharp
6067,sheba
6068,shedi
6069,sheffilton
6070,sheila
6071,shell
6072,shengyuan
6073,shenma
6074,sherlock
6075,sheyk
6076,shhongri
6077,shima
6078,shimano
6079,shimmerandshine
6080,shindo
6081,shinhanart
6082,shinko
6083,ship
6084,shiraz
6085,shiseido
6086,shishi
6087,shivaki
6088,sho-me
6089,shoesrepablic
6090,shoesrepublic
6091,shogun
6092,shoiberg
6093,shoodow
6094,shopkins
6095,shua
6096,shuaiwa
6097,shunfa
6098,shunxiang
6099,shure
6100,siberia
6101,siberiannutrogunz
6102,sibin
6103,sibirskietovary
6104,sibpolimer
6105,sibrteh
6106,siee
6107,siemens
6108,siger
6109,sigikid
6110,sigma
6111,signal
6112,signature
6113,siku
6114,silampos
6115,silapro
6116,silhouette
6117,silikomart
6118,silter
6119,silva
6120,silverlit
6121,silverstone
6122,sima-land
6123,simat
6124,simax
6125,simba
6126,simbat
6127,simfer
6128,similac
6129,simonettaravizza
6130,simpleparenting
6131,simpliccity
6132,simplicity
6133,simurg
6134,sinbo
6135,sincotoys
6136,sindbad
6137,singer
6138,sinisalo
6139,sinoart
6140,sinopine
6141,sinotex
6142,sinusprofi
6143,siren
6144,sirius
6145,sirpi
6146,sis
6147,sisi
6148,sisley
6149,siton
6150,sitparad
6151,sjaudio
6152,sjcam
6153,sjrc
6154,sk
6155,skad
6156,skagen
6157,skandika
6158,skazocnyjpatrul
6159,skechers
6160,ski-doo
6161,skil
6162,skillmax
6163,skincode
6164,skindoctors
6165,skinlite
6166,skiphop
6167,skkbaby
6168,skovo
6169,sksportivnaakollekcia
6170,skullcandy
6171,skv
6172,skv-kompani
6173,skwooshi
6174,sky
6175,sky-watcher
6176,skylor
6177,skytech
6178,skywalker
6179,skyworth
6180,slang
6181,slaro
6182,slavanskieoboi
6183,slavanskijdomknigi
6184,sledopyt
6185,sleekmakeup
6186,slezakrav
6187,slider
6188,slonimmebel
6189,slovo
6190,sluban
6191,slumberjack
6192,sly
6193,sm-lt
6194,sm-parts
6195,smalvic
6196,sman
6197,smart
6198,smartbalancewheel
6199,smartbox
6200,smartbuy
6201,smartheart
6202,smartrike
6203,smarttextile
6204,smarttrike
6205,smartway
6206,smashbox
6207,smashers
6208,smeg
6209,smiger
6210,smile
6211,smk
6212,smoby
6213,smody
6214,smoneo
6215,sms
6216,smsl
6217,smtt
6218,sneha
6219,snez
6220,snickers
6221,snogear
6222,snowcap
6223,sobebear
6224,sobo
6225,sofi
6226,sofia
6227,sofit
6228,softoy
6229,sokany
6230,sokolov
6231,solano
6232,solaris
6233,solarstorm
6234,solideal
6235,solite
6236,soliver
6237,solnok
6238,solo
6239,solognac
6240,solomon
6241,solostyle
6242,solozar
6243,solution
6244,somat
6245,sonar
6246,sonata
6247,sonda
6248,sonel
6249,sonic
6250,sonifer
6251,sonnaaskazka
6252,sonny
6253,sonor
6254,sonoterra
6255,sonusfaber
6256,sony
6257,sonyarose
6258,sonyinteractiveentertainment
6259,sordiant
6260,soskin
6261,sospiro
6262,soundking
6263,soundstream
6264,soundwave
6265,sovtehstrom
6266,sowell
6267,soyntec
6268,sozzy
6269,sp.lion
6270,spa
6271,spalding
6272,spalenka
6273,spaquatoria
6274,sparky
6275,sparta
6276,specialized
6277,spectra
6278,speedlink
6279,spektr-pribor
6280,spektrsport
6281,speroni
6282,sphero
6283,spider-man
6284,spiegelau
6285,spinbike
6286,spinmaster
6287,spinmasters
6288,spinmop
6289,splashlings
6290,splat
6291,sportbaby
6292,sportelite
6293,sportline
6294,sportop
6295,sports
6296,sporttovary
6297,spotter
6298,springfree
6299,sprint
6300,sprite
6301,spur
6302,spurschuhwerk
6303,sputnik
6304,spyder
6305,squier
6306,srtk
6307,ssm
6308,stabila
6309,stabilo
6310,stadlerform
6311,staedtler
6312,stagg
6313,stahlberg
6314,stalemal
6315,stalker
6316,standard
6317,standardwinch
6318,standart
6319,stanley
6320,stanton
6321,star
6322,starfestival
6323,stark
6324,starline
6325,starman
6326,starmann
6327,starmix
6328,starmom
6329,starter
6330,startline
6331,startlineplay
6332,startrading
6333,startradingab
6334,startradingabsvecia
6335,startul
6336,starwars
6337,starway
6338,stationeryteam
6339,status
6340,staub
6341,stavia
6342,stavr
6343,stayer
6344,stealth
6345,steba
6346,steelflex
6347,steelpower
6348,steelseries
6349,steffilove
6350,steger
6351,steinberg
6352,stellar
6353,stellox
6354,stels
6355,stelz
6356,stenders
6357,stendmebel
6358,step
6359,steppuzzle
6360,stermay
6361,stern
6362,sterntaler
6363,sti
6364,stiga
6365,stihl
6366,stikbot
6367,stila
6368,stilvasejspalni
6369,stilzizni
6370,stinger
6371,stinol
6372,stl
6373,stn
6374,stockli
6375,stokke
6376,stolicatekstila
6377,stolline
6378,stolplit
6379,stonelock
6380,stor
6381,storm
6382,strathmore
6383,stretch
6384,stretcharmstrong
6385,strikemaster
6386,strobbs
6387,strojmas
6388,strong
6389,strunal
6390,stryj
6391,studiatek
6392,studio
6393,studiomaster
6394,studioprofessional
6395,stuntcar
6396,stupidcasual
6397,sturm
6398,stuttgart
6399,suave
6400,subea
6401,subini
6402,success
6403,suda
6404,sudaruska
6405,sude
6406,sufix
6407,sulhwasoo
6408,sulongtojs
6409,sultan
6410,sulu
6411,sumadl
6412,sumdex
6413,sumitomo
6414,sun
6415,sunbody
6416,suncolor
6417,sunday
6418,suneight
6419,sunfull
6420,sunlike
6421,sunmi
6422,sunsuki
6423,sunsystem
6424,suntech-msks
6425,sunuv
6426,sunwide
6427,superfine
6428,superlux
6429,supermicro
6430,superwings
6431,supra
6432,surveon
6433,suunto
6434,suzuki
6435,sv
6436,svar
6437,svc
6438,sven
6439,svetogor
6440,svinkapeppa
6441,svoboda
6442,svr
6443,swag
6444,swan
6445,swarovski
6446,swat
6447,swatch
6448,swb
6449,sweety
6450,sweetyhome
6451,swissgear
6452,swisshome
6453,swissimage
6454,swissline
6455,swissmilitarybychrono
6456,swissmilitaryhanowa
6457,switel
6458,sx
6459,sylvania
6460,sylvanianfamilies
6461,syma
6462,symkaj
6463,symphony
6464,syncwire
6465,syneo
6466,synology
6467,syntrax
6468,syoss
6469,szkeo
6470,t-charge
6471,t-max
6472,t-rex
6473,t.bone
6474,tabletop
6475,tac
6476,tacki
6477,tactic
6478,tacx
6479,taftoys
6480,tagheuer
6481,tailg
6482,taili
6483,taitong
6484,taiwan
6485,tajnaazizndomasnihzivotnyh
6486,takamine
6487,takeit
6488,tako
6489,takstar
6490,talaris
6491,taller
6492,tamaris
6493,tamina
6494,tamish
6495,tamiteks
6496,tamron
6497,tangleteezer
6498,tanglewood
6499,tanix
6500,tanki
6501,tannoy
6502,tao-tao
6503,taramps
6504,target
6505,targus
6506,tarkett
6507,tarlan
6508,tarmak
6509,tas-prom
6510,tascam
6511,taschen
6512,tassay
6513,tatami
6514,tatkraft
6515,tawas
6516,taxi
6517,tch
6518,tchibo
6519,tcl
6520,tdm
6521,tdmelectric
6522,teac
6523,teamgroup
6524,teana
6525,tec
6526,tech-line
6527,technics
6528,technogym
6529,technolight
6530,technomax
6531,techsport
6532,tecnica
6533,tecno
6534,tedmyfriend
6535,teens
6536,tefal
6537,tega
6538,tehnokeramika
6539,tehnolight
6540,tehnopark
6541,teka
6542,tekled
6543,teknetics
6544,teknum
6545,teks
6546,teks-dizajn
6547,teksan
6548,tekst
6549,tekstilnaalavka
6550,telecom
6551,telefunken
6552,telwin
6553,temp
6554,tempish
6555,temptu
6556,tempur
6557,tenda
6558,teorema
6559,teosa
6560,teplokryma
6561,teploross
6562,teploteh
6563,tera
6564,terleckikomiks
6565,termia
6566,terminus
6567,termit
6568,terra
6569,terris
6570,tescoma
6571,tesla
6572,teslastyle
6573,tesler
6574,tesma
6575,tesoro
6576,tess
6577,tesy
6578,teta
6579,tetchair
6580,tetra
6581,texa
6582,texet
6583,textar
6584,textura
6585,teyko
6586,tgr
6587,thefaceshop
6588,thenice
6589,thenorthface
6590,thermalright
6591,thermaltake
6592,thermex
6593,thermomix
6594,theshinestonetrade
6595,thg
6596,thomas
6597,thor
6598,thorvik
6599,thqnordic
6600,three-a
6601,thronmax
6602,thrustmaster
6603,thule
6604,thunz
6605,tianzhanfitness
6606,tide
6607,tierra
6608,tigar
6609,tiger
6610,tigerking
6611,tigernu
6612,tigres
6613,tima
6614,timbergroup
6615,timberk
6616,timejump
6617,timi
6618,timilostworld
6619,timson
6620,tines
6621,tinyfurries
6622,tinylove
6623,tinytoes
6624,tiod
6625,tipido
6626,tiret
6627,tisa
6628,tissot
6629,titan
6630,titanik
6631,titbit
6632,tiziana
6633,tizianaterenzi
6634,tizo
6635,tl
6636,tmnt
6637,tmsweetpups
6638,to-plan
6639,tobot
6640,today
6641,tofu
6642,tognana
6643,togu
6644,tokina
6645,tokler
6646,tokuryo
6647,tololo
6648,tomahawk
6649,tombow
6650,tomex
6651,tomfarr
6652,tomford
6653,tomik
6654,tomix
6655,tommy
6656,tommyhilfiger
6657,tomoloo
6658,tomtom
6659,tomy
6660,tonar
6661,toneybaby
6662,tongs
6663,toninolamborghini
6664,tontarelli
6665,tonybellucci
6666,toocool
6667,tools
6668,topbat
6669,topex
6670,topface
6671,topicrem
6672,toplitz
6673,topran
6674,topten
6675,toptools
6676,tor
6677,torch
6678,torgue
6679,tornado
6680,torneo
6681,toro
6682,torr
6683,torrent
6684,torres
6685,torso
6686,tortine
6687,tosato
6688,toscom
6689,toshiba
6690,totachi
6691,totaku
6692,total
6693,totalbox
6694,toto
6695,totolink
6696,totu
6697,touchbeauty
6698,tourist
6699,tous
6700,toway
6701,toy
6702,toyland
6703,toymonarch
6704,toyo
6705,toyota
6706,toysmax
6707,tp-link
6708,tpmaster
6709,traceelliot
6710,tracker
6711,tradiciatekstila
6712,tradiciitekstila
6713,tramontina
6714,tramp
6715,transcend
6716,transformers
6717,traser
6718,travel
6719,travelite
6720,travellight
6721,traxxas
6722,trazano
6723,trebl
6724,trefl
6725,trek
6726,trend
6727,trendbeauty
6728,trendbeuty
6729,trendnet
6730,trendvision
6731,trendy
6732,trento
6733,tresemme
6734,trespass
6735,trevi
6736,trevorjames
6737,triangle
6738,trianglegroup
6739,triban
6740,trichup
6741,tridevatoecarstvo
6742,trikota
6743,trinx
6744,tripplite
6745,tristar
6746,triton
6747,tritower
6748,triumf
6749,triumph
6750,triumphnord
6751,triumphtree
6752,trixie
6753,trollbeads
6754,trolls
6755,tropic
6756,troyka
6757,trucktec
6758,true
6759,truealchemy
6760,trukinauki
6761,trunki
6762,trusardy
6763,trussardi
6764,trust
6765,truva
6766,trw
6767,trx
6768,tsg
6769,tsubaki
6770,tsv
6771,tt
6772,ttco
6773,tuarex
6774,tubor
6775,tucano
6776,tuctuc
6777,tuff
6778,tuffoni
6779,tuka
6780,tuncmatik
6781,tundra
6782,tundracomfort
6783,tunga
6784,tunia
6785,turbo
6786,turboair
6787,turbosound
6788,turtle
6789,turtles
6790,tutis
6791,tutti
6792,tutu
6793,tv-shop
6794,tvs
6795,twinkly
6796,twinlab
6797,twins
6798,twistclimbingcar
6799,twistypetz
6800,ty
6801,tyc
6802,tyent
6803,tyr
6804,tyrex
6805,tytan
6806,ub
6807,ubear
6808,ubiquiti
6809,ubisoft
6810,ubtech
6811,ugears
6812,uglydolls
6813,ugreen
6814,ukikids
6815,ulker
6816,ultimate
6817,ultimatenutrition
6818,ultimatumboxing
6819,ultra
6820,ultraflash
6821,ultrapowersports
6822,ultrasone
6823,ultravit
6824,umbro
6825,umi
6826,umka
6827,underarmour
6828,unex
6829,uni-fortunetoys
6830,uni-t
6831,unice
6832,unicum
6833,unidec
6834,uniforce
6835,unifur
6836,unikum
6837,unilux
6838,unipump
6839,unison
6840,unit
6841,unitabs
6842,unitedcolorsofbenetton
6843,universal
6844,uno
6845,unyjatlet
6846,uomo
6847,uplus
6848,upright
6849,uragan
6850,ural
6851,ural-mikma-term
6852,uralsport
6853,urban
6854,urbanears
6855,urg-gaz
6856,urgaz
6857,uriage
6858,usams
6859,usborne
6860,useandcare
6861,usher
6862,usmedica
6863,usplabs
6864,uta
6865,uvelirnyetradicii
6866,uventa
6867,v-color
6868,v-t
6869,v-unic
6870,vag
6871,vaggan
6872,vagoriginal
6873,vaily
6874,vaiper
6875,vako
6876,vakosa
6877,valberg
6878,valentino
6879,valeo
6880,valiant
6881,valkiria
6882,value
6883,valve
6884,valvoline
6885,vanilla
6886,vanish
6887,vans
6888,vanstore
6889,vard
6890,vardoven
6891,vargame
6892,vari
6893,variolux
6894,varta
6895,vasco
6896,vasden
6897,vasilek
6898,vasilisa
6899,vasin
6900,vaude
6901,vcom
6902,vdk
6903,vdovichev
6904,vece
6905,vectron
6906,vega
6907,vegas
6908,vegeta
6909,veho
6910,velena
6911,velform
6912,velikiereki
6913,vellarti
6914,velo
6915,velocifero
6916,velositywheels
6917,velvet
6918,velvet-santiago
6919,velvex
6920,venere
6921,vensi
6922,venta
6923,ventara
6924,venti
6925,ventura
6926,venum
6927,verbatim
6928,verdi
6929,verico
6930,veritas
6931,verloni
6932,vernel
6933,verossa
6934,verran
6935,versace
6936,versal
6937,versale
6938,versus
6939,vertex
6940,vertiv
6941,ves
6942,vesna
6943,vesta
6944,vestel
6945,veston
6946,veurne
6947,vgp
6948,vgr
6949,vgs
6950,vialata
6951,viatti
6952,vibe
6953,vibram
6954,vicalina
6955,vichy
6956,vicovation
6957,victor
6958,victoria
6959,victoriashu
6960,victoriassecret
6961,victorinox
6962,viessmann
6963,view-master
6964,viewmaster
6965,viewsonic
6966,viga
6967,vigoole
6968,vihr
6969,viking
6970,viktorrolf
6971,vilatte
6972,vilenta
6973,vilia
6974,villa
6975,villagestory
6976,villeroyboch
6977,villi-vinki
6978,vilt
6979,vim-art
6980,vinzer
6981,violet
6982,vionne
6983,vip
6984,vipe
6985,viper
6986,vipose
6987,vira
6988,visage
6989,visavis
6990,visma
6991,visnevyjpapa
6992,vissol
6993,vista
6994,vita
6995,vitacci
6996,vitaluce
6997,vitamec
6998,vitax
6999,vitebskiekovry
7000,vitek
7001,viteks
7002,vitelia
7003,vitesse
7004,vitol
7005,vitra
7006,vitross
7007,vittel
7008,vitus
7009,viva
7010,viviennesabo
7011,vivitek
7012,vivo
7013,vladi
7014,vladitoys
7015,vlk
7016,vmgconsultancy
7017,vmv
7018,vobix
7019,voda
7020,vogue
7021,voin
7022,voking
7023,vokter
7024,vokul
7025,volcano
7026,volcok
7027,volkl
7028,volsebnaanoc
7029,volta
7030,voltajr
7031,voltman
7032,voltmaster
7033,voondo
7034,vorson
7035,vorsteiner
7036,vortex
7037,vossen
7038,vouni
7039,vov
7040,vox
7041,voyager
7042,vozak
7043,vplaboratory
7044,vr
7045,vrema
7046,vsestularu
7047,vt
7048,vtech
7049,vulli
7050,w-star
7051,w.zorge
7052,wacaco
7053,wacom
7054,wader
7055,wagner
7056,wahl
7057,wahoo
7058,walden
7059,walfix
7060,walker
7061,walkmaxx
7062,walkro
7063,wallbarz
7064,wallberry
7065,wanday
7066,wangfeng
7067,warmic
7068,warn
7069,warrior
7070,waspo
7071,waterpik
7072,waterrowerclub
7073,waterworld
7074,wd
7075,weber
7076,weber-vetonit
7077,wedssport
7078,wedze
7079,weekend
7080,wehncke
7081,weichao
7082,weider
7083,weifeng
7084,weimingzhu
7085,weina
7086,weissgauff
7087,weiste
7088,weitai
7089,welcos
7090,wella
7091,wellberg
7092,wellborn
7093,welldone
7094,wellneo
7095,welly
7096,welss
7097,wenge
7098,wengemotion
7099,wenger
7100,wensheng
7101,wenyi
7102,wera
7103,werner
7104,wert
7105,wess
7106,westa
7107,wester
7108,westerndigital
7109,westlake
7110,westlike
7111,westmark
7112,westone
7113,wethepeople
7114,wetnwild
7115,wh
7116,whirlpool
7117,whirpool
7118,whiskas
7119,whistler
7120,whitewave
7121,whito
7122,wibtek
7123,wideway
7124,widian
7125,williams
7126,willmark
7127,willmax
7128,wilmax
7129,wilo
7130,wilson
7131,winca
7132,wincars
7133,wind
7134,winda
7135,wing
7136,wingo
7137,wingoffly
7138,winkod
7139,winner
7140,wintek
7141,winx
7142,winxclub
7143,wiseson
7144,witerra
7145,withings
7146,wiwu
7147,wize
7148,wk
7149,wltoys
7150,wmc
7151,wmctools
7152,wmf
7153,woddon
7154,wolf
7155,wonderlab
7156,wonlex
7157,woodcraft
7158,woody
7159,wopow
7160,work
7161,worldpeacekeepers
7162,wortex
7163,worth
7164,worwo
7165,worx
7166,wotrex
7167,wowwee
7168,wsp
7169,wster
7170,wtflabz
7171,wuben
7172,wurth
7173,wuw
7174,ww
7175,x-bionic
7176,x-cooler
7177,x-digital
7178,x-foot
7179,x-game
7180,x-level
7181,x-race
7182,xddesign
7183,xdseries
7184,xerjoff
7185,xerox
7186,xg
7187,xgimi
7188,xgl
7189,xiaomi
7190,xiaoyueliangtoys
7191,xieming
7192,xigmatek
7193,xilin
7194,xilong
7195,xing
7196,xinyu
7197,xjewellery
7198,xkg
7199,xlmedia
7200,xody
7201,xp-pen
7202,xstream
7203,xtep
7204,xti
7205,xtrembots
7206,xtrike-me
7207,xun
7208,xwsport
7209,xxr
7210,xyg
7211,ya-yaduck
7212,yacco
7213,yadah
7214,yako
7215,yamaguchi
7216,yamaha
7217,yamato
7218,yamatsu
7219,yan
7220,yangzhou
7221,yaole
7222,yardforce
7223,yasham
7224,yasin
7225,yato
7226,yatone
7227,yegam
7228,yelli
7229,yellow
7230,yema
7231,yes
7232,yh
7233,yi
7234,yidoblo
7235,yika
7236,yison
7237,yjfitness
7238,yoga
7239,yogasprout
7240,yokatta
7241,yokito
7242,yokohama
7243,yokosun
7244,yonex
7245,yongnuo
7246,yoobao
7247,yoshioki
7248,yota
7249,yotrix
7250,youleen
7251,youngtoys
7252,yoya
7253,yoyofactory
7254,yst
7255,yuago
7256,yuandong
7257,yuka
7258,yulu
7259,yuneec
7260,yunteng
7261,yusufhali
7262,yuu
7263,yvescamani
7264,yvesrocher
7265,yvessaintlaurent
7266,z.a.i.n.
7267,zabiaka
7268,zadoor
7269,zaharov
7270,zain
7271,zajkami
7272,zalman
7273,zancaster
7274,zangavar
7275,zanry
7276,zanussi
7277,zanzoon
7278,zapco
7279,zapfcreation
7280,zappiti
7281,zara
7282,zarad
7283,zarkoperfume
7284,zass
7285,zazu
7286,zebratoys
7287,zeetex
7288,zegan
7289,zegor
7290,zelenyjpogruznojnasos
7291,zelmer
7292,zemex
7293,zenecka
7294,zengen
7295,zenit
7296,zenmart
7297,zenzia
7298,zephyr
7299,zeppelin
7300,zerten
7301,zestino
7302,zeta
7303,zeus
7304,zewa
7305,zfts
7306,zhehua
7307,zhejiang
7308,zhejiangjiajia
7309,zhengyin
7310,zhorya
7311,zibelino
7312,zic
7313,zilli
7314,zilmer
7315,zimakrasavica
7316,zimneevolsebstvo
7317,zinc
7318,zing
7319,zinvo
7320,zipbaits
7321,zipp
7322,zirafiki
7323,zivojazyk
7324,zlatek
7325,zmi
7326,zmonday
7327,znlux
7328,zobo
7329,zodiac
7330,zodiak
7331,zoizoi
7332,zolotoeruno
7333,zongshen
7334,zooexpress
7335,zoom
7336,zoomer
7337,zoops
7338,zorg
7339,zotac
7340,zowie
7341,zpao
7342,zte
7343,zubr
7344,zugo
7345,zuru
7346,zvezda
7347,zwerg
7348,zwilling
7349,zwillingjahenckels
7350,zx
7351,zyxel
